OBJECTID,CDTFA_COPRI,CDTFA_CITY,CDTFA_COUNTY,CENSUS_PLACE_NAME,CENSUS_GEOID,CENSUS_PLACE_TYPE,GNIS_PLACE_NAME,GNIS_ID,CDT_CITY_ABBR,CDT_COUNTY_ABBR,PRIMARY_DOMAIN,CENSUS_POPULATION,CDT_NAME_SHORT,OFFSHORE,AREA_SQMI,GlobalID,Shape__Area,Shape__Length
549,36014,Adelanto,San Bernardino County,Adelanto,0600296,City,City of Adelanto,2409663,ADEL,SBD,,,Adelanto,,52.8826501242464,1023050e-aab9-4463-8223-9a3b89d0fdf9,136965434.985992,101017.563552777
550,19205,Agoura Hills,Los Angeles County,Agoura Hills,0600394,City,City of Agoura Hills,2409666,AGRH,LAC,,,Agoura Hills,,7.8182398549214,532c4a53-f9b0-4997-993b-f475d7c4c754,20249148.207077,24501.0580175409
551,01021,Alameda,Alameda County,Alameda,0600562,City,City of Alameda,2409669,ALAM,ALA,,,Alameda,,11.6598073563749,7ff36f11-1550-489e-aba7-93b43694507e,30198762.5814342,37698.7145186635
552,01022,Albany,Alameda County,Albany,0600674,City,City of Albany,2409674,ALBY,ALA,,,Albany,,1.77762073047633,0ecc9c4e-7555-4034-ab59-ff91aebe75f6,4604016.52027643,13823.9084975655
553,19206,Alhambra,Los Angeles County,Alhambra,0600884,City,City of Alhambra,2409681,ALHB,LAC,,,Alhambra,,7.6320967503501,9c947c21-636b-4f5a-8bfa-8a9738297770,19767039.8910904,21045.8898754072
554,30034,Aliso Viejo,Orange County,Aliso Viejo,0600947,City,City of Aliso Viejo,2409683,ASVJ,ORA,,,Aliso Viejo,,6.92310481012563,0d735786-4c20-4eaf-82ca-73b1a4d0f515,17930759.2478027,28096.207119683
555,25001,Alturas,Modoc County,Alturas,0601444,City,City of Alturas,2409688,ALTR,MOD,,,Alturas,,2.89282094815771,08aacbfe-a977-40b0-8b5e-eba30a8d1cba,7492371.91349983,17816.5620731176
556,03001,Amador City,Amador County,Amador City,0601514,City,City of Amador City,2409693,AMAD,AMA,,,Amador City,,0.309417816066766,09d50c96-f8e6-47c8-aa26-d4323302a9d5,801388.452877045,3615.60498591896
557,28005,American Canyon,Napa County,American Canyon,0601640,City,City of American Canyon,2409695,AMCN,NAP,,,American Canyon,,6.11008247096085,6d05ab56-d31a-49e6-8f70-161b1318711b,15825040.9989376,27967.470716094
558,30001,Anaheim,Orange County,Anaheim,0602000,City,City of Anaheim,2409704,ANAH,ORA,,,Anaheim,,50.8895744779735,b6dd59c2-7d36-4c3a-bd20-3203c655c363,131803393.005791,122651.674042575
559,45002,Anderson,Shasta County,Anderson,0602042,City,City of Anderson,2409706,ANDS,SHA,,,Anderson,,7.24946267860037,eb3f09dc-44e0-49e3-a63b-6ff89c0ba4c5,18776022.2556801,36137.8285766113
560,05001,Angels,Calaveras County,Angels,0602112,City,City of Angels,2409709,ANGC,CAL,,,Angels,,3.55879439817049,d2e7bafd-735b-45d8-97c5-e8e052266f03,9217235.22989582,24089.7303909659
561,07001,Antioch,Contra Costa County,Antioch,0602252,City,City of Antioch,2409715,ANTH,CCA,,,Antioch,,29.7279430186091,b07f5c71-8d29-4e35-b1cf-db4160e0e2d1,76995018.9413077,60081.1843909988
562,36021,Apple Valley,San Bernardino County,Apple Valley,0602364,Town,Town of Apple Valley,2412372,APLV,SBD,,,Apple Valley,,77.0299629005546,a4e12143-4b98-432f-910b-00ca8164ad83,199506688.035149,86080.1535993227
563,19207,Arcadia,Los Angeles County,Arcadia,0602462,City,City of Arcadia,2409722,ACDA,LAC,,,Arcadia,,11.1082337072492,672f2518-9c42-4845-bf1d-37fe7de2269b,28770193.2014008,40285.5503279664
564,12001,Arcata,Humboldt County,Arcata,0602476,City,City of Arcata,2409723,ARCA,HUM,,,Arcata,,11.3365181386694,43b2e845-5b4e-4ef5-a0b5-c170994ce878,29361447.1992416,56818.9598774605
565,40001,Arroyo Grande,San Luis Obispo County,Arroyo Grande,0602868,City,City of Arroyo Grande,2409734,ARGD,SLO,,,Arroyo Grande,,5.93326455246448,a6d388ab-90da-440f-8726-d59143eea939,15367084.6345577,25904.0996093009
566,19282,Artesia,Los Angeles County,Artesia,0602896,City,City of Artesia,2409735,ARTA,LAC,,,Artesia,,1.62133504105372,d551d363-5836-4246-8655-ec0080447237,4199238.51891327,12476.850384218
567,15009,Arvin,Kern County,Arvin,0602924,City,City of Arvin,2409738,ARVN,KER,,,Arvin,,4.80669878238847,03b1c1d0-c1e0-42eb-aad9-61d87b3ac0c1,12449292.9013138,21509.9321111997
568,40007,Atascadero,San Luis Obispo County,Atascadero,0603064,City,City of Atascadero,2409745,ATAS,SLO,,,Atascadero,,26.1800089940903,c1811c41-b56e-4d52-9c24-17a018e9e154,67805911.8475351,46632.5990442388
569,41001,Atherton,San Mateo County,Atherton,0603092,Town,Town of Atherton,2411651,ATHN,SMO,,,Atherton,,5.03817143789448,266c1f10-ee3d-4660-ab66-15e77560dbaa,13048804.1216393,24573.4850478166
570,24001,Atwater,Merced County,Atwater,0603162,City,City of Atwater,2409752,ATWR,MER,,,Atwater,,6.74410152846399,6ced2594-de57-46d6-9b6b-c38059c8a603,17467142.798358,36264.195993964
571,31001,Auburn,Placer County,Auburn,0603204,City,City of Auburn,2409754,AUBN,PLA,,,Auburn,,7.15283209226764,dd9076f7-68e9-4764-9c98-fd7a36ba5c5c,18525749.941926,46530.2347195882
572,19208,Avalon,Los Angeles County,Avalon,0603274,City,City of Avalon,2409763,AVAN,LAC,,,Avalon,,2.88049514062152,1449a0ba-0328-473c-b8e5-36436f970319,7460448.17124176,17509.4019456585
573,16004,Avenal,Kings County,Avenal,0603302,City,City of Avenal,2409764,AVNL,KIN,,,Avenal,,19.4905479635967,b372ee21-ecc5-409c-a7a6-b2f8db553e0c,50480287.4911826,44971.4779455741
574,19209,Azusa,Los Angeles County,Azusa,0603386,City,City of Azusa,2409768,AZUA,LAC,,,Azusa,,9.65996657830097,5b8aca86-145c-441f-a041-d68ff8463621,25019198.6277924,48419.716905795
575,15001,Bakersfield,Kern County,Bakersfield,0603526,City,City of Bakersfield,2409774,AKFD,KER,,,Bakersfield,,154.332234916724,c96053d6-9937-4f21-bd30-a8a76ebbab0c,399718653.195646,417916.467906954
576,19210,Baldwin Park,Los Angeles County,Baldwin Park,0603666,City,City of Baldwin Park,2409777,BWPK,LAC,,,Baldwin Park,,6.77637319627085,5e137411-22eb-4f2b-8656-c3b6217ffb76,17550726.0259018,26682.5025653102
577,33001,Banning,Riverside County,Banning,0603820,City,City of Banning,2409785,BANN,RIV,,,Banning,,23.2427062041568,bb36ebc4-8967-4c34-b796-6f32947b080f,60198332.7444687,81872.096841109
578,36009,Barstow,San Bernardino County,Barstow,0604030,City,City of Barstow,2409790,BSTW,SBD,,,Barstow,,41.3004279253581,cd723aa2-a4e2-4bec-81e4-fb95beffa52c,106967617.624748,102071.184121436
579,33002,Beaumont,Riverside County,Beaumont,0604758,City,City of Beaumont,2409805,BAUT,RIV,,,Beaumont,,31.2121541312456,cc5d3ec9-0bb6-4608-a32e-0880e3cf4653,80839107.9650345,86895.8428118817
580,19211,Bell,Los Angeles County,Bell,0604870,City,City of Bell,2409816,BELL,LAC,,,Bell,,2.61961001911735,4de87add-2a19-44cf-a131-7224e422a7f2,6784758.81562805,19950.0488496888
581,19213,Bell Gardens,Los Angeles County,Bell Gardens,0604996,City,City of Bell Gardens,2409817,BGDN,LAC,,,Bell Gardens,,2.46518368100684,a41bb0c6-a7ce-40ef-a80d-4994c8cdfbd8,6384796.42907715,11861.0317923303
582,19212,Bellflower,Los Angeles County,Bellflower,0604982,City,City of Bellflower,2409822,BFLR,LAC,,,Bellflower,,6.18235828612077,adb9dc9f-c59f-464f-92f5-569f484282e7,16012234.4116821,18074.8427776454
583,41003,Belmont,San Mateo County,Belmont,0605108,City,City of Belmont,2409826,BMNT,SMO,,,Belmont,,4.64294694304035,adaea4f9-a8e2-4ddb-a051-6d39e5857c13,12025177.4048119,22495.6212281126
584,21001,Belvedere,Marin County,Belvedere,0605164,City,City of Belvedere,2409829,BLVR,MRN,,,Belvedere,,0.580495367107764,af481ae5-af18-4dc1-bfae-b2d9dbac1a4b,1503476.05815816,6859.54711665651
585,48001,Benicia,Solano County,Benicia,0605290,City,City of Benicia,2409833,BENC,SOL,,,Benicia,,13.0882426594974,ea6ed5b5-eb6f-4727-b5e7-51e3f6f87101,33898392.9009451,36888.2092998058
586,01013,Berkeley,Alameda County,Berkeley,0606000,City,City of Berkeley,2409837,BERK,ALA,,,Berkeley,,10.5906891940765,7d0afd4b-2c72-4615-a546-5dea4efd8818,27429759.0871007,33309.7264690618
587,19215,Beverly Hills,Los Angeles County,Beverly Hills,0606308,City,City of Beverly Hills,2409840,BVHS,LAC,,,Beverly Hills,,5.71368110351271,91fe935e-1f37-4b9e-a53f-37e0296b5adb,14798366.0658417,26497.5905642855
588,36017,Big Bear Lake,San Bernardino County,Big Bear Lake,0606434,City,City of Big Bear Lake,2409843,BBLK,SBD,,,Big Bear Lake,,6.4367421411268,6dd5e8d8-4704-4f60-84d7-2ec595d68e91,16671085.6106873,46867.3053576071
589,04001,Biggs,Butte County,Biggs,0606560,City,City of Biggs,2409848,BIGG,BUT,,,Biggs,,1.01624054170827,e7faf072-c83d-4690-8221-acc772e4e605,2632050.96377754,13733.8800240568
590,14001,Bishop,Inyo County,Bishop,0606798,City,City of Bishop,2409852,BISP,INY,,,Bishop,,1.88377329293321,d5411d3c-b006-4830-b2ed-4632d640d624,4878950.56760693,17906.8520392399
591,12002,Blue Lake,Humboldt County,Blue Lake,0607162,City,City of Blue Lake,2409868,BLLK,HUM,,,Blue Lake,,0.646971764600914,3b3c9d00-7ff2-497f-963d-11972cbd608e,1675649.13426971,9085.7087134449
592,33003,Blythe,Riverside County,Blythe,0607218,City,City of Blythe,2409872,BLYT,RIV,,,Blythe,,27.2861164400898,1bf3d553-a391-4a8a-8231-33d6ce3c38a0,70670717.2434845,101012.532402117
593,19285,Bradbury,Los Angeles County,Bradbury,0607946,City,City of Bradbury,2409891,BRBY,LAC,,,Bradbury,,1.96594920540226,ecd89653-2eab-41b2-a04b-fe8fa2480a34,5091785.07396698,11880.421177139
594,13001,Brawley,Imperial County,Brawley,0608058,City,City of Brawley,2409893,BRWY,IMP,,,Brawley,,8.11656748713516,f9794cf0-75ad-410f-b224-dd9df92977b8,21021813.2170105,30059.1587329395
595,30002,Brea,Orange County,Brea,0608100,City,City of Brea,2409897,BREA,ORA,,,Brea,,12.6871301974787,a1bcb450-a56a-4d83-9a31-ab01a1a73eb3,32859516.5224609,49357.3844938011
596,07010,Brentwood,Contra Costa County,Brentwood,0608142,City,City of Brentwood,2409902,BTWD,CCA,,,Brentwood,,14.8654900272297,7dfc514d-9e6d-474e-9d5d-e927c2c013cd,38501442.4348062,43627.9187731597
597,41018,Brisbane,San Mateo County,Brisbane,0608310,City,City of Brisbane,2409912,BSBN,SMO,,,Brisbane,,3.14697290986872,9c49c687-f7e2-4dcf-908e-d14fbd53a987,8150622.38761902,15921.3545091094
598,42007,Buellton,Santa Barbara County,Buellton,0608758,City,City of Buellton,2409931,BLTN,SBC,,,Buellton,,1.6033433645045,af7bf14d-142c-48b3-a342-227daa3ccc33,4152640.21123457,12010.5042743656
599,30014,Buena Park,Orange County,Buena Park,0608786,City,City of Buena Park,2409932,BNPK,ORA,,,Buena Park,,10.5508606839332,feaa2433-0bca-447a-b5e5-89b6363cf290,27326603.6434708,40212.7466864737
600,19216,Burbank,Los Angeles County,Burbank,0608954,City,City of Burbank,2409939,BRBK,LAC,,,Burbank,,17.3451705410913,d06f57ce-b102-4522-a293-6699cf014fa8,44923785.4680405,31130.8606582469
601,41004,Burlingame,San Mateo County,Burlingame,0609066,City,City of Burlingame,2409945,BURL,SMO,,,Burlingame,,4.44758436705832,4138efc0-ec5c-414a-9380-d1597a14529b,11519190.6119995,27004.5875885821
602,19222,Calabasas,Los Angeles County,Calabasas,0609598,City,City of Calabasas,2409955,CALB,LAC,,,Calabasas,,13.7600102390819,0d531f3b-1196-442f-8329-0277f7ada8f8,35638262.9497528,45439.2484494183
603,13002,Calexico,Imperial County,Calexico,0609710,City,City of Calexico,2409958,CLXO,IMP,,,Calexico,,8.45925062118013,fe92e2fd-552d-4cb9-9000-1dd8d17c7265,21909358.6588745,24407.5966825971
604,15011,California,Kern County,California,0609780,City,City of California City,2409960,CALC,KER,,,California City,,203.29798347192,38cd1763-8e67-4290-b4f1-33eaea40acc7,526539359.967487,178517.540265761
605,33022,Calimesa,Riverside County,Calimesa,0609864,City,City of Calimesa,2409961,CMSA,RIV,,,Calimesa,,14.8535205180645,66ebdc66-e71a-4493-b1e1-0064346aea6c,38470441.4893188,40428.7200307854
606,13003,Calipatria,Imperial County,Calipatria,0609878,City,City of Calipatria,2409962,CLPA,IMP,,,Calipatria,,3.71278866117675,f547deb9-3d37-4d86-9da8-fbf2d0ab0de0,9616078.55519104,22799.8235161755
607,28001,Calistoga,Napa County,Calistoga,0609892,City,City of Calistoga,2409963,CSTA,NAP,,,Calistoga,,2.58541911099982,f7663d39-517d-4a43-ae42-b94c0ae269e6,6696204.66310501,14863.1340477943
608,56007,Camarillo,Ventura County,Camarillo,0610046,City,City of Camarillo,2409966,CMRL,VEN,,,Camarillo,,19.7646124571489,aa677a10-289b-4f9f-bf95-c34cf7f7302b,51190111.4206085,66711.0520992919
609,43010,Campbell,Santa Clara County,Campbell,0610345,City,City of Campbell,2409971,CMBL,SCL,,,Campbell,,6.09458267455166,b7504a84-9177-489a-b463-e2091df8ccb9,15784896.6317463,33820.3273391953
610,33023,Canyon Lake,Riverside County,Canyon Lake,0610928,City,City of Canyon Lake,2409979,CNLK,RIV,,,Canyon Lake,,4.62027364406377,8d5ba5f0-b166-4f82-b996-6c2758e076f5,11966453.7587967,19509.6272419272
611,44003,Capitola,Santa Cruz County,Capitola,0611040,City,City of Capitola,2409981,CPTL,SCR,,,Capitola,,1.63196267788265,d995b624-8c64-421d-a2d1-b04bea4f4703,4226763.90641022,13590.5448343999
612,37009,Carlsbad,San Diego County,Carlsbad,0611194,City,City of Carlsbad,2409984,CSBD,SDO,,,Carlsbad,,39.1064898920006,7f8048ae-2000-4f85-a648-8bc437c6f39b,101285343.81662,54985.5590885245
613,27001,Carmel-by-the-Sea,Monterey County,Carmel-by-the-Sea,0611250,City,City of Carmel-by-the-Sea,2409987,CMLS,MON,,,Carmel-by-the-Sea,,1.06311729885175,2504c941-31a8-47bc-b4d5-aee25dca6975,2753461.18311691,8660.73998832214
614,42005,Carpinteria,Santa Barbara County,Carpinteria,0611446,City,City of Carpinteria,2409990,CARP,SBC,,,Carpinteria,,2.58185778581539,290f3e49-8b4e-405a-80e2-c7b74b98126a,6686981.00518036,21037.4157148889
615,19298,Carson,Los Angeles County,Carson,0611530,City,City of Carson,2409399,CRSN,LAC,,,Carson,,18.9376768636243,62f33633-6b8c-40ca-936d-b2fd60d3de75,49048357.9246979,38917.4234841778
616,33019,Cathedral City,Riverside County,Cathedral City,0612048,City,City of Cathedral City,2409412,CTHC,RIV,,,Cathedral City,,22.7892432852553,a8ea743f-ed33-4580-b077-0c3ec33699db,59023869.1390381,60552.8296610822
617,50001,Ceres,Stanislaus County,Ceres,0612524,City,City of Ceres,2409430,CERS,STA,,,Ceres,,9.47622625602046,2740baaa-b19b-4617-9798-78f2de11fa26,24543313.3076539,39055.213828484
618,19221,Cerritos,Los Angeles County,Cerritos,0612552,City,City of Cerritos,2409431,CRTS,LAC,,,Cerritos,,8.85164179823547,59cf846a-2ba1-4b3d-8858-3ce1fdd8e974,22925647.1499176,36525.3246242784
619,04002,Chico,Butte County,Chico,0613014,City,City of Chico,2409447,CHCO,BUT,,,Chico,,34.8643358486634,6bd141c6-e6a2-41b3-84d7-c774f23376d0,90298215.166441,96850.6612443769
620,36001,Chino,San Bernardino County,Chino,0613210,City,City of Chino,2409453,CHNO,SBD,,,Chino,,30.0298955253729,a21b56e8-44cf-46d7-91e0-de956c167c2c,77777072.2873306,61749.3132817354
621,36024,Chino Hills,San Bernardino County,Chino Hills,0613214,City,City of Chino Hills,2409454,CHNH,SBD,,,Chino Hills,,44.9108608995873,09e71819-c749-4bc3-a3dc-a1b764f40c02,116318595.856491,53014.4653966801
622,20001,Chowchilla,Madera County,Chowchilla,0613294,City,City of Chowchilla,2409459,CHWA,MAD,,,Chowchilla,,11.6066573264707,d1a7c277-a21c-4392-a40b-1fb2633b9a58,30061104.491594,43432.7715004479
623,37001,Chula Vista,San Diego County,Chula Vista,0613392,City,City of Chula Vista,2409461,CHVA,SDO,,,Chula Vista,,52.1126538873864,b9be21d4-92ee-4647-9c78-6f612d4b9c4b,134971153.995697,99082.4370603108
624,34006,Citrus Heights,Sacramento County,Citrus Heights,0613588,City,City of Citrus Heights,2409464,CHTS,SAC,,,Citrus Heights,,14.2260756954246,cfc9097a-0841-4f68-8a61-57990168b22a,36845366.8676271,29544.3135464452
625,19217,Claremont,Los Angeles County,Claremont,0613756,City,City of Claremont,2409465,CLAT,LAC,,,Claremont,,13.4704012220928,df1af32a-4149-44da-84e3-bd6e1d301760,34888178.8442001,45763.2133120318
626,07013,Clayton,Contra Costa County,Clayton,0613882,City,City of Clayton,2409474,CYTN,CCA,,,Clayton,,3.83047997942238,2ed2616e-7602-4902-8285-1ea609064649,9920897.70471591,17163.0568436968
627,17002,Clearlake,Lake County,Clearlake,0613945,City,City of Clearlake,2409479,CLLK,LAK,,,Clearlake,,10.5122152017746,d808eb11-6c09-4ea8-8717-1f29546e696b,27226512.4199123,46284.3500482214
628,49001,Cloverdale,Sonoma County,Cloverdale,0614190,City,City of Cloverdale,2409487,CLVD,SON,,,Cloverdale,,3.34088085212651,adc4c912-f399-4cb8-869a-e305c9b27538,8652841.70338249,25593.9808067088
629,10001,Clovis,Fresno County,Clovis,0614218,City,City of Clovis,2409488,CLOS,FRE,,,Clovis,,28.2254189279276,8eb10c7f-bfca-439f-bf7b-0f0a1f2b8ddc,73103499.331533,86319.3845936032
630,33012,Coachella,Riverside County,Coachella,0614260,City,City of Coachella,2409493,COAA,RIV,,,Coachella,,30.5109369526175,d27128ee-5fc9-4612-bdba-1b39fdf7c365,79022963.9956818,60158.8874304733
631,10002,Coalinga,Fresno County,Coalinga,0614274,City,City of Coalinga,2409495,CLNG,FRE,,,Coalinga,,6.75290234808078,fdfaaed3-4e09-4e43-a9c3-81c02060a357,17489936.857811,50050.4071167186
632,31002,Colfax,Placer County,Colfax,0614498,City,City of Colfax,2410190,COFX,PLA,,,Colfax,,1.39416076651036,8d0a7f2c-f621-461d-9d34-53dc68bba7fd,3610859.79469776,20724.1384088807
633,41007,Colma,San Mateo County,Colma,0614736,Town,Town of Colma,2413228,CLMA,SMO,,,Colma,,1.91461571730219,a4513720-fcfc-4cfd-8b7d-4f589fddd2e3,4958831.97150278,11628.3049223249
634,36002,Colton,San Bernardino County,Colton,0614890,City,City of Colton,2410200,COLN,SBD,,,Colton,,16.119590489297,f944e7b4-9150-41dc-98d6-0eeace0b9b7b,41749547.7619629,70663.4754775281
635,06001,Colusa,Colusa County,Colusa,0614946,City,City of Colusa,2410204,CLUS,COL,,,Colusa,,4.27029643325514,f98c8543-b6d2-4263-bc5e-c74dc05d49ec,11060017.0491962,39188.075876711
636,19290,Commerce,Los Angeles County,Commerce,0614974,City,City of Commerce,2410209,CMRC,LAC,,,Commerce,,6.55370186586386,98afffa4-1322-40d6-9927-aa3a94b823ea,16974009.9641418,28446.5589234643
637,19218,Compton,Los Angeles County,Compton,0615044,City,City of Compton,2410213,COMT,LAC,,,Compton,,10.098378514223,d3fa7bf6-0437-4efb-9c9c-7dff3b3b7994,26154680.2683563,54272.2468359452
638,07002,Concord,Contra Costa County,Concord,0616000,City,City of Concord,2410214,CNCD,CCA,,,Concord,,30.5518505567734,c768d0e7-aa9a-417e-b460-96bebb23a414,79128929.6158168,57561.4472814857
639,16001,Corcoran,Kings County,Corcoran,0616224,City,City of Corcoran,2410227,CRCN,KIN,,,Corcoran,,7.51761003850897,f624a29f-18c8-403f-ac2f-de0828bf48e5,19470520.4439774,43645.2871751912
640,52001,Corning,Tehama County,Corning,0616322,City,City of Corning,2410231,CONG,TEH,,,Corning,,3.63299015696589,1efec554-e1dd-4a75-87d7-ac2d2f6f836c,9409401.29524612,33708.6483212268
641,33004,Corona,Riverside County,Corona,0616350,City,City of Corona,2410232,CONA,RIV,,,Corona,,39.916677356419,cf2d0422-7cbe-4f03-967f-b7c83abfb4a7,103383719.703995,110182.728665279
642,37002,Coronado,San Diego County,Coronado,0616378,City,City of Coronado,2410233,CORD,SDO,,,Coronado,,13.9018270811608,55700e95-6e32-4721-991e-23d5df3d1c53,36005566.6731567,40727.0277195817
643,21002,Corte Madera,Marin County,Corte Madera,0616462,Town,Town of Corte Madera,2413247,CMAD,MRN,,,Corte Madera,,3.14494294821651,2b712ae2-28eb-4c4c-9d54-adcd44759d97,8145364.87930095,19579.6484622246
644,30015,Costa Mesa,Orange County,Costa Mesa,0616532,City,City of Costa Mesa,2410239,COMS,ORA,,,Costa Mesa,,15.8499194165911,e2ece615-9e67-4f08-b962-38c647eceb44,41051102.922348,35659.0945897612
645,49008,Cotati,Sonoma County,Cotati,0616560,City,City of Cotati,2410240,COTI,SON,,,Cotati,,1.88485835669307,f1a96819-45b0-4f6f-af96-b1ca745dfa6f,4881760.74281406,17765.7645567327
646,19219,Covina,Los Angeles County,Covina,0616742,City,City of Covina,2410251,COVN,LAC,,,Covina,,7.04130841224233,c78122a6-9e91-4c16-aa14-589de9cdd067,18236905.043808,56762.5089115943
647,08001,Crescent City,Del Norte County,Crescent City,0617022,City,City of Crescent City,2410262,CRCT,DNE,,,Crescent City,,1.93111474074219,e00b3114-7cd7-4a8f-bf11-d2419c2c64cb,5001564.23268127,19512.5326711716
648,19293,Cudahy,Los Angeles County,Cudahy,0617498,City,City of Cudahy,2410272,CDHY,LAC,,,Cudahy,,1.22891485204933,b0343564-6aca-4f19-a4a2-b65a4b1500d0,3182874.83255005,10282.3876845576
649,19220,Culver City,Los Angeles County,Culver City,0617568,City,City of Culver City,2410276,CULC,LAC,,,Culver City,,5.13493376081493,2d6a4ac1-8568-4c68-ba2a-05b386bc3727,13299417.3995209,35632.5137596281
650,43013,Cupertino,Santa Clara County,Cupertino,0617610,City,City of Cupertino,2410278,CUPO,SCL,,,Cupertino,,11.2591883201634,6e833dcb-d20c-47be-a5b3-0021d160452d,29161163.8332319,49006.2568259467
651,30019,Cypress,Orange County,Cypress,0617750,City,City of Cypress,2410282,CYPS,ORA,,,Cypress,,6.62093233310925,52c7288d-96b0-4d86-89e8-601d9cacd965,17148135.9224625,25616.6277586283
652,41005,Daly City,San Mateo County,Daly City,0617918,City,City of Daly City,2410291,DALC,SMO,,,Daly City,,7.61945248393405,b9cab825-beb6-4b23-9920-55659443b17d,19734291.2659183,45820.4492543828
653,30028,Dana Point,Orange County,Dana Point,0617946,City,City of Dana Point,2410293,DAPT,ORA,,,Dana Point,,6.50736032156376,8072c505-73fa-4584-800a-a7251e88f336,16853985.8332443,32850.4246263772
654,07016,Danville,Contra Costa County,Danville,0617988,Town,Town of Danville,2412403,DNVL,CCA,,,Danville,,18.0799043600605,93ad5229-be4d-4bd3-bdbd-09d3d7c70ff3,46826737.2440155,47068.1642560687
655,57001,Davis,Yolo County,Davis,0618100,City,City of Davis,2410296,DAVS,YOL,,,Davis,,10.1050388619742,18f50c3b-b760-4ae7-8312-4423a80787ee,26171930.369709,36060.7636959258
656,37011,Del Mar,San Diego County,Del Mar,0618506,City,City of Del Mar,2410314,DLMR,SDO,,,Del Mar,,1.7873899544895,89801d8a-c0fb-4024-b79d-3357a95313ca,4629318.72390747,12483.2413820996
657,27009,Del Rey Oaks,Monterey County,Del Rey Oaks,0618688,City,City of Del Rey Oaks,2410315,DROS,MON,,,Del Rey Oaks,,1.04882968321593,d33cd502-98d4-4f1c-a12b-048a39c61147,2716456.40628433,11786.6942317171
658,15002,Delano,Kern County,Delano,0618394,City,City of Delano,2410317,DLNO,KER,,,Delano,,18.5873241084427,b8c256b5-616f-4823-b9ac-04e341af1c79,48140948.304883,62378.7112367646
659,33014,Desert Hot Springs,Riverside County,Desert Hot Springs,0618996,City,City of Desert Hot Springs,2410328,DHSP,RIV,,,Desert Hot Springs,,30.4808994504218,7206b9b1-53a8-44f9-96b7-69eb3d8d16a3,78945167.0719452,74313.8633305414
660,19278,Diamond Bar,Los Angeles County,Diamond Bar,0619192,City,City of Diamond Bar,2410334,DMBR,LAC,,,Diamond Bar,,14.8833254748046,c7fed330-bcc5-4948-878b-ffd21f9b9b53,38547636.0447617,33741.1614254075
661,54001,Dinuba,Tulare County,Dinuba,0619318,City,City of Dinuba,2410342,DIBA,TUL,,,Dinuba,,6.75538548812558,d4503974-12cd-4b54-8c13-a1d6d4ed5ac2,17496367.9987588,25595.755324703
662,48002,Dixon,Solano County,Dixon,0619402,City,City of Dixon,2410343,DIXN,SOL,,,Dixon,,7.238697982146,dce3716a-7c35-4d43-aac8-7aae3ef9aa7f,18748141.7072744,35235.8419664927
663,47001,Dorris,Siskiyou County,Dorris,0619584,City,City of Dorris,2410347,DORS,SIS,,,Dorris,,0.73149946753266,48f191f3-c414-4a3e-9bf2-7fb42ad71028,1894574.8839035,7803.74745438971
664,24006,Dos Palos,Merced County,Dos Palos,0619612,City,City of Dos Palos,2410348,DPLS,MER,,,Dos Palos,,1.39058014924784,d23e69e6-b8a7-4dda-bda6-fc099c32d6d7,3601586.03383112,15548.6087162285
665,19223,Downey,Los Angeles County,Downey,0619766,City,City of Downey,2410352,DWNY,LAC,,,Downey,,12.5677143209628,6b98e18c-530f-4a05-82e6-a1447dfc12cc,32550230.6221542,27577.8059300645
666,19225,Duarte,Los Angeles County,Duarte,0619990,City,City of Duarte,2410361,DURT,LAC,,,Duarte,,6.72940537417413,4c585542-c1e0-41a7-923a-86a54689e2c1,17429079.8166275,34876.9805897101
667,01026,Dublin,Alameda County,Dublin,0620018,City,City of Dublin,2410362,DBLN,ALA,,,Dublin,,15.2148915308502,c51eba35-3093-4e52-8610-ae10da9dcf62,39406388.1291537,37443.6162056567
668,47002,Dunsmuir,Siskiyou County,Dunsmuir,0620242,City,City of Dunsmuir,2410372,DNMR,SIS,,,Dunsmuir,,1.72970579368634,e9a29262-c145-4a39-b2c4-e3d926b61a77,4479917.39023209,23339.4129803265
669,41021,East Palo Alto,San Mateo County,East Palo Alto,0620956,City,City of East Palo Alto,2410389,EPAO,SMO,,,East Palo Alto,,2.5383777390681,e75a54cf-4f1d-473b-86d5-257baca79bb5,6574368.11604023,14123.6637399823
670,33027,Eastvale,Riverside County,Eastvale,0621230,City,City of Eastvale,2650584,EAST,RIV,,,Eastvale,,13.1320341796996,a5d053e1-bbf5-4d2f-af1b-483fbddb5c83,34011812.4185181,36744.8804668111
671,37003,El Cajon,San Diego County,El Cajon,0621712,City,City of El Cajon,2410406,ELCJ,SDO,,,El Cajon,,14.5352036395295,23eefe47-7741-4b39-8041-cbedabce2ca1,37646004.5626068,72267.1847278798
672,13004,El Centro,Imperial County,El Centro,0621782,City,City of El Centro,2410409,ELCN,IMP,,,El Centro,,12.2208186547694,0930170e-72ec-482d-a1e6-5ca7c4f47a6c,31651774.9829407,43192.0342168142
673,07003,El Cerrito,Contra Costa County,El Cerrito,0621796,City,City of El Cerrito,2410410,ELCR,CCA,,,El Cerrito,,3.68579336543662,58fa7aba-ef36-4fac-a0d3-6a92de36fd75,9546160.99827087,16183.3184221
674,19226,El Monte,Los Angeles County,El Monte,0622230,City,City of El Monte,2410413,EMTE,LAC,,,El Monte,,9.6142619156036,36772b20-61db-4d56-a6bf-acef2de3a44f,24900823.9952164,32551.8249845894
675,19227,El Segundo,Los Angeles County,El Segundo,0622412,City,City of El Segundo,2410417,ESEG,LAC,,,El Segundo,,5.44790164058615,503b137c-2163-4c08-9a12-7fb62b23b9fe,14110000.4829407,17770.1693899723
676,34007,Elk Grove,Sacramento County,Elk Grove,0622020,City,City of Elk Grove,2410425,ELKG,SAC,,,Elk Grove,,42.7190387962909,e5ab66c2-d5c5-4f43-aa70-6e21c6c6657f,110641802.42559,66813.5510764437
677,01014,Emeryville,Alameda County,Emeryville,0622594,City,City of Emeryville,2410436,EMVL,ALA,,,Emeryville,,1.26961551289128,0d842af4-3196-407b-ab06-ceb1d7fbd027,3288289.05765843,13613.850933718
678,37019,Encinitas,San Diego County,Encinitas,0622678,City,City of Encinitas,2410440,ENTS,SDO,,,Encinitas,,19.57677419248,eb07c831-9e59-4cf5-8974-4a185d627612,50703612.4714737,49166.9185841589
679,39006,Escalon,San Joaquin County,Escalon,0622790,City,City of Escalon,2410453,ESLN,SJQ,,,Escalon,,2.34535089358198,01e39c78-e965-4f71-9133-f1b13564ec2c,6074430.93081725,24364.7381998912
680,37004,Escondido,San Diego County,Escondido,0622804,City,City of Escondido,2410455,ESDD,SDO,,,Escondido,,37.5078994616239,1c7a93ed-29f5-46c7-8482-9d5bdab8cc58,97145013.8206329,170214.921515926
681,47003,Etna,Siskiyou County,Etna,0622972,City,City of Etna,2410458,ETNA,SIS,,,Etna,,0.751934525570554,c3fd127d-fafc-409e-9906-6caa0d4b2165,1947501.4624939,8462.65209050902
682,12003,Eureka,Humboldt County,Eureka,0623042,City,City of Eureka,2410463,EURK,HUM,,,Eureka,,16.0472505512804,9158b582-d2dd-4803-9807-74b32c1ec2a5,41562188.2962494,50705.7069122451
683,54002,Exeter,Tulare County,Exeter,0623126,City,City of Exeter,2410472,EXTR,TUL,,,Exeter,,2.45504499073574,c8a673fe-b315-4071-821c-5fc40792560f,6358537.2750864,16786.9449199299
684,21003,Fairfax,Marin County,Fairfax,0623168,Town,Town of Fairfax,2412609,FRFX,MRN,,,Fairfax,,2.24182167511178,017d1ff2-6b43-462d-bd15-e22f2851e38d,5806291.47727405,20931.4465156372
685,48003,Fairfield,Solano County,Fairfield,0623182,City,City of Fairfield,2410474,FRFD,SOL,,,Fairfield,,41.830633520279,bfc1ee39-a441-4d8f-af8f-72acd12edef9,108340843.374747,123905.61670298
686,54008,Farmersville,Tulare County,Farmersville,0623616,City,City of Farmersville,2410485,FMVL,TUL,,,Farmersville,,2.2913405830996,c919f0c5-f41f-44e1-89d9-2d6bc79f3b89,5934544.72360992,17781.8995993859
687,12004,Ferndale,Humboldt County,Ferndale,0623910,City,City of Ferndale,2410497,FERL,HUM,,,Ferndale,,1.15379113410086,44c91636-5059-409a-903c-f0d4afd351e9,2988305.29201508,8913.31386643605
688,56001,Fillmore,Ventura County,Fillmore,0624092,City,City of Fillmore,2410504,FILR,VEN,,,Fillmore,,3.29891559031933,c74d5986-4dd1-4f35-8b43-465a70e49f05,8544152.16149521,22227.5298623187
689,10003,Firebaugh,Fresno County,Firebaugh,0624134,City,City of Firebaugh,2410507,FIRB,FRE,,,Firebaugh,,3.69037681657584,e20280ba-5393-4d20-8934-ecccb075f8c1,9558032.19774818,28566.1850277314
690,34004,Folsom,Sacramento County,Folsom,0624638,City,City of Folsom,2410516,FOLM,SAC,,,Folsom,,30.1186533090891,de7610e9-2cd3-4c25-97eb-14eef40e5d0a,78006953.8622603,46776.0579791312
691,36010,Fontana,San Bernardino County,Fontana,0624680,City,City of Fontana,2410517,FTNA,SBD,,,Fontana,,43.363546871265,266eab79-7764-46b3-8eed-af6a8e23227e,112311070.891121,75889.5930051922
692,23001,Fort Bragg,Mendocino County,Fort Bragg,0625058,City,City of Fort Bragg,2410525,FTBG,MEN,,,Fort Bragg,,2.92429508385145,75948f5b-0dbe-4c76-9a65-05edfce9d82a,7573889.51437759,36101.4269888818
693,47004,Fort Jones,Siskiyou County,Fort Jones,0625128,City,City of Fort Jones,2410527,FTJN,SIS,,,Fort Jones,,0.619747025514434,9986d200-8673-4c14-95e5-74ad7d72c263,1605137.44231415,10482.9056582721
694,12005,Fortuna,Humboldt County,Fortuna,0625296,City,City of Fortuna,2410532,FRTN,HUM,,,Fortuna,,5.23363762173288,6dcf4f1e-f54e-4654-9d93-47f5e4dc081a,13555059.3267288,26005.3736034674
695,41020,Foster City,San Mateo County,Foster City,0625338,City,City of Foster City,2410534,FSTC,SMO,,,Foster City,,4.24011739501909,01f310d4-a42f-4bea-b8e6-f37fda594dba,10981853.6733055,17291.8817545087
696,30021,Fountain Valley,Orange County,Fountain Valley,0625380,City,City of Fountain Valley,2410537,FNTV,ORA,,,Fountain Valley,,9.06517271275078,ee2632c7-9d70-4141-9fd5-7e33f9c47eaf,23478689.634758,21865.812654766
697,10004,Fowler,Fresno County,Fowler,0625436,City,City of Fowler,2410538,FOWR,FRE,,,Fowler,,2.67610646385658,8bbd49e8-942a-46a3-bf15-f096137a6647,6931083.98255396,23949.3167177245
698,01012,Fremont,Alameda County,Fremont,0626000,City,City of Fremont,2410545,FRMT,ALA,,,Fremont,,79.3372902232083,1f352f1e-2175-4d15-9c82-983fbf75dcdb,205482638.287274,116639.437295978
699,10005,Fresno,Fresno County,Fresno,0627000,City,City of Fresno,2410546,FRES,FRE,,,Fresno,,117.258242495634,c110576e-c5e0-4ed6-b323-a5aba01b8a4b,303697454.138343,357512.450283181
700,30003,Fullerton,Orange County,Fullerton,0628000,City,City of Fullerton,2410556,FULN,ORA,,,Fullerton,,22.4452182032728,b7f554d8-b443-4843-b466-a359739a1d27,58132848.3074646,50431.1832194732
701,34005,Galt,Sacramento County,Galt,0628112,City,City of Galt,2410563,GALT,SAC,,,Galt,,7.82113930104426,d7b628db-1e6b-41de-9103-b499a8012328,20256657.798003,30344.6214235256
702,30018,Garden Grove,Orange County,Garden Grove,0629000,City,City of Garden Grove,2410568,GAGR,ORA,,,Garden Grove,,17.925900538394,168509b0-b593-412b-834e-8a8bbfd1677f,46427869.1953735,62629.8877311187
703,19229,Gardena,Los Angeles County,Gardena,0628168,City,City of Gardena,2410570,GARD,LAC,,,Gardena,,5.85585128290201,14551059-a95c-4d98-8fbc-cf4a6b2a3431,15166585.1879654,20098.2326590658
704,43002,Gilroy,Santa Clara County,Gilroy,0629504,City,City of Gilroy,2410591,GILY,SCL,,,Gilroy,,16.5540170525949,c4399bef-37d2-4f82-baee-ed2beea89b43,42874707.4324694,58479.4963725762
705,19230,Glendale,Los Angeles County,Glendale,0630000,City,City of Glendale,2410597,GNDL,LAC,,,Glendale,,30.6039185132225,d91734e4-dcf4-4cd5-840f-d4d37461208d,79263785.0447884,58062.7839631324
706,19231,Glendora,Los Angeles County,Glendora,0630014,City,City of Glendora,2410601,GLDR,LAC,,,Glendora,,19.6505267405078,f8e696fc-b788-4211-a343-3ca02ff8b776,50894630.723053,50468.3036708779
707,42008,Goleta,Santa Barbara County,Goleta,0630378,City,City of Goleta,2015546,GLTA,SBC,,,Goleta,,7.90400378604737,3e671e7e-797d-41bf-b172-6e08b1484217,20471275.8117149,38416.8820802006
708,27007,Gonzales,Monterey County,Gonzales,0630392,City,City of Gonzales,2410617,GNZL,MON,,,Gonzales,,2.03377435647363,cbc9b934-15c7-47a4-87de-be1b5372089f,5267451.37108803,18378.4914639522
709,36016,Grand Terrace,San Bernardino County,Grand Terrace,0630658,City,City of Grand Terrace,2410634,GRTR,SBD,,,Grand Terrace,,3.53885024035976,9d6c7d15-f5be-4c6d-8be0-3a68dead0f0a,9165580.0711441,18113.1035855698
710,29001,Grass Valley,Nevada County,Grass Valley,0630798,City,City of Grass Valley,2410651,GSVY,NEV,,,Grass Valley,,6.23080567228653,97bdd8d4-98fb-4e51-874d-07bef9b30b37,16137712.5218229,45952.5179336116
711,27008,Greenfield,Monterey County,Greenfield,0630994,City,City of Greenfield,2410657,GNFD,MON,,,Greenfield,,3.05510281773303,9557fc34-81e6-4817-bfa9-25259ebef0b0,7912679.99085808,23310.5482401583
712,04003,Gridley,Butte County,Gridley,0631260,City,City of Gridley,2410665,GRDY,BUT,,,Gridley,,2.38297370323948,04ce870f-ccde-4530-aa03-94d4799240e6,6171873.55371284,21168.0234390602
713,40005,Grover Beach,San Luis Obispo County,Grover Beach,0631393,City,City of Grover Beach,2410668,GVBH,SLO,,,Grover Beach,,2.30361730949318,f5c3b7c9-715a-4950-90eb-550efdecf8d4,5966341.42996407,12211.6283174397
714,42004,Guadalupe,Santa Barbara County,Guadalupe,0631414,City,City of Guadalupe,2410672,GDLP,SBC,,,Guadalupe,,1.32765315062384,c2cd3044-9c12-4822-b29a-46026b38336e,3438605.87415314,14556.9970257185
715,24002,Gustine,Merced County,Gustine,0631568,City,City of Gustine,2410677,GUSN,MER,,,Gustine,,1.80751276236881,7f28b1c1-994a-4430-a101-2bd72f0bde75,4681436.59498072,23241.7975824591
716,41017,Half Moon Bay,San Mateo County,Half Moon Bay,0631708,City,City of Half Moon Bay,2410685,HMBY,SMO,,,Half Moon Bay,,6.24574962463596,8c72da9e-905c-4a2e-be90-174448e227a9,16176417.3976021,34431.8504238632
717,16002,Hanford,Kings County,Hanford,0631960,City,City of Hanford,2410696,HANF,KIN,,,Hanford,,18.335935524346,177ce8ed-0300-44a6-b74b-72c41f1219c5,47489854.9425073,62809.8385745693
718,19296,Hawaiian Gardens,Los Angeles County,Hawaiian Gardens,0632506,City,City of Hawaiian Gardens,2410716,HGDN,LAC,,,Hawaiian Gardens,,0.955723867072639,2f324def-e881-40bf-b82e-fdf1c5c3f02c,2475313.42834473,7857.74323190404
719,19232,Hawthorne,Los Angeles County,Hawthorne,0632548,City,City of Hawthorne,2410720,HAWT,LAC,,,Hawthorne,,6.0823913902095,56e8c8b0-4d4f-46c8-92c5-ff60ae87e13a,15753321.395771,33576.0748582957
720,01025,Hayward,Alameda County,Hayward,0633000,City,City of Hayward,2410724,HAYW,ALA,,,Hayward,,45.1605995109815,b67d1fca-30c7-4518-8b2e-8955150a95b9,116965415.878585,120638.013730228
721,49002,Healdsburg,Sonoma County,Healdsburg,0633056,City,City of Healdsburg,2410726,HLBG,SON,,,Healdsburg,,4.28905109208742,956b31cc-62b9-4ff6-9a55-6dabb67a13d6,11108591.3192272,32192.9856553959
722,33006,Hemet,Riverside County,Hemet,0633182,City,City of Hemet,2410738,HEMT,RIV,,,Hemet,,29.2410685809823,72ec2f73-6a8e-4863-b43e-b01e8ce9f84c,75734019.9267883,72635.3499871054
723,07004,Hercules,Contra Costa County,Hercules,0633308,City,City of Hercules,2410746,HERC,CCA,,,Hercules,,6.39832282334447,d810e9b7-e0cc-47c3-b142-9f85e3af0c73,16571580.0251316,25440.9140581922
724,19233,Hermosa Beach,Los Angeles County,Hermosa Beach,0633364,City,City of Hermosa Beach,2410749,HMBH,LAC,,,Hermosa Beach,,1.48857580862478,9ec01573-7ff0-44d9-918c-0b48e94b55a2,3855393.63529968,8771.29583108755
725,36020,Hesperia,San Bernardino County,Hesperia,0633434,City,City of Hesperia,2410751,HESP,SBD,,,Hesperia,,72.6954966878536,750f5987-3855-43de-9686-ff64a3237a33,188280472.098625,134585.615780851
726,19294,Hidden Hills,Los Angeles County,Hidden Hills,0633518,City,City of Hidden Hills,2410756,HIDH,LAC,,,Hidden Hills,,1.68770184117303,a868e7cc-a88d-4ae6-90d9-cde4f864fc00,4371127.70854568,13032.0347480359
727,36018,Highland,San Bernardino County,Highland,0633588,City,City of Highland,2410759,HIGH,SBD,,,Highland,,18.6855238286918,758a0e4a-04a3-409f-934b-52af4608183a,48395284.5079651,67698.8124994762
728,41006,Hillsborough,San Mateo County,Hillsborough,0633798,Town,Town of Hillsborough,2412752,HILB,SMO,,,Hillsborough,,6.20892950014317,53705601-f3cd-4d50-b85a-8c65cc74430d,16081053.5990171,26708.8511233899
729,35001,Hollister,San Benito County,Hollister,0634120,City,City of Hollister,2410778,HLST,SBT,,,Hollister,,8.25488665027143,9c80580a-fccf-4e23-ad47-0d16facc530a,21380058.2367153,71756.8429576357
730,13005,Holtville,Imperial County,Holtville,0634246,City,City of Holtville,2410780,HOLT,IMP,,,Holtville,,1.16451276188824,e81f65b6-cc33-4b4a-9f67-6ae90fda5217,3016074.24261475,12957.9676500535
731,50009,Hughson,Stanislaus County,Hughson,0634904,City,City of Hughson,2410804,HUSN,STA,,,Hughson,,1.81646770356187,d429790c-efec-41d7-bf29-f6a4e45ad435,4704629.7147696,14301.0651962812
732,30004,Huntington Beach,Orange County,Huntington Beach,0636000,City,City of Huntington Beach,2410811,HNTB,ORA,,,Huntington Beach,,27.2255478654989,68cf9db2-b318-41a0-9b5f-def78a5c0e7a,70513845.200943,64502.1878456792
733,19234,Huntington Park,Los Angeles County,Huntington Park,0636056,City,City of Huntington Park,2410079,HNTP,LAC,,,Huntington Park,,3.01436769851871,19b55a55-a184-4b29-aca7-bba5fc9db06f,7807176.5021286,20225.4968621666
734,10015,Huron,Fresno County,Huron,0636084,City,City of Huron,2410081,HURN,FRE,,,Huron,,1.69021401368262,904ba6ae-47ba-49ca-aad5-80e524ae226d,4377634.18641269,13947.6744500094
735,13006,Imperial,Imperial County,Imperial,0636280,City,City of Imperial,2410097,IMPL,IMP,,,Imperial,,6.2919765289695,f25c24be-0a5a-4d12-9158-94a4032f1ba5,16296144.4255066,36022.3884439269
736,37014,Imperial Beach,San Diego County,Imperial Beach,0636294,City,City of Imperial Beach,2410098,IMPB,SDO,,,Imperial Beach,,4.39475855996862,89e60958-e4c9-4984-a838-793140ec9210,11382372.4259033,18577.5741512993
737,33016,Indian Wells,Riverside County,Indian Wells,0636434,City,City of Indian Wells,2410100,INDW,RIV,,,Indian Wells,,14.5859593072209,fdea8cc7-a803-4c33-a479-cc5f6ebe45f2,37777461.1427307,30781.8011094012
738,33007,Indio,Riverside County,Indio,0636448,City,City of Indio,2410101,INDO,RIV,,,Indio,,33.2340991895297,2fc71f79-5620-4d43-a760-6af39867d622,86075921.5896912,76549.8788125044
739,19235,Industry,Los Angeles County,Industry,0636490,City,City of Industry,2410102,INDY,LAC,,,Industry,,12.0402698955532,078ce4f9-0adf-4302-a6ce-83c117c3bb05,31184155.8103409,111711.213532306
740,19236,Inglewood,Los Angeles County,Inglewood,0636546,City,City of Inglewood,2410106,INGW,LAC,,,Inglewood,,9.09795599465867,8bcb1d76-d6c2-4779-8e93-ac902f814cd3,23563597.8384056,27549.8103360406
741,03005,Ione,Amador County,Ione,0636672,City,City of Ione,2410110,IONE,AMA,,,Ione,,4.62229948978714,0d6b4d3c-87b3-4d1b-bf17-6c812355ec16,11971700.7369347,22825.7635978469
742,30026,Irvine,Orange County,Irvine,0636770,City,City of Irvine,2410116,IRVN,ORA,,,Irvine,,65.9731053711994,9ff99b01-6a12-4989-b1f3-0564a5f8e94a,170869558.538574,79064.0634393808
743,19286,Irwindale,Los Angeles County,Irwindale,0636826,City,City of Irwindale,2410119,IRWD,LAC,,,Irwindale,,9.6338275350052,3ea72f87-5712-41b9-b10b-8dfd92cfc77c,24951498.7336044,40065.9402577462
744,34001,Isleton,Sacramento County,Isleton,0636882,City,City of Isleton,2410122,ISTN,SAC,,,Isleton,,0.456852620617588,ac094050-8c95-4897-8fb0-e5f6b872940a,1183242.84040594,8090.24267369036
745,03002,Jackson,Amador County,Jackson,0636980,City,City of Jackson,2410128,JKSN,AMA,,,Jackson,,3.59816356824843,b4868574-b470-4df3-a284-ac06b6c1bd94,9319200.9119432,26311.3101336953
746,33028,Jurupa Valley,Riverside County,Jurupa Valley,0637692,City,City of Jurupa Valley,2702867,JVLY,RIV,,,Jurupa Valley,,43.6564945334087,aa15cca2-22c9-471a-9887-fdd2f3c0a476,113069801.818947,51234.7618099624
747,10013,Kerman,Fresno County,Kerman,0638226,City,City of Kerman,2411536,KRMN,FRE,,,Kerman,,3.5821563129134,2530ec37-0d29-45db-a8e4-2a4af02f041d,9277742.18874219,18433.676958854
748,27002,King City,Monterey County,King City,0638520,City,City of King City,2411544,KNGC,MON,,,King City,,3.92708442198448,4f24c4e4-534c-4a23-a8bc-2ffa454994dd,10171101.971571,25316.3712524318
749,10006,Kingsburg,Fresno County,Kingsburg,0638562,City,City of Kingsburg,2411548,KNGB,FRE,,,Kingsburg,,3.85890480053192,d4ee8540-80bd-41d9-bdfe-0a17e1f1e866,9994517.42272663,24821.6395267616
750,19228,La Cañada Flintridge,Los Angeles County,La Cañada Flintridge,0639003,City,City of La Cañada Flintridge,2411565,LCFR,LAC,,,La Cañada Flintridge,,8.64711254104106,8e565422-1078-43e8-acd2-d215cd7d355f,22395918.7020187,28128.3464356246
751,30006,La Habra,Orange County,La Habra,0639290,City,City of La Habra,2411571,LHRA,ORA,,,La Habra,,7.5650020189622,4aa5dea9-04a1-4348-83be-4a8788d31979,19593265.2910995,22499.4752778052
752,19300,La Habra Heights,Los Angeles County,La Habra Heights,0639304,City,City of La Habra Heights,2411572,LHHS,LAC,,,La Habra Heights,,6.15933619163667,55ede85c-b15e-43df-bf2a-491064de1016,15952607.5477371,21303.6893369292
753,37005,La Mesa,San Diego County,La Mesa,0640004,City,City of La Mesa,2411576,LMSA,SDO,,,La Mesa,,9.03591520932588,26a2813a-130e-479d-b1b1-51e6c36ae182,23402912.9530792,41705.0296972345
754,19291,La Mirada,Los Angeles County,La Mirada,0640032,City,City of La Mirada,2411577,LMRD,LAC,,,La Mirada,,7.84592379982103,18a62092-5f05-4f57-94a5-af11dae67e3e,20320849.3581314,24327.5602692698
755,30016,La Palma,Orange County,La Palma,0640256,City,City of La Palma,2411578,LPMA,ORA,,,La Palma,,1.80349614611182,e985e51c-e1ab-47d3-8d67-284f1c646ed0,4671033.52792358,13705.6633611632
756,19238,La Puente,Los Angeles County,La Puente,0640340,City,City of La Puente,2411581,LAPU,LAC,,,La Puente,,3.47438270762217,d7c9eebb-0a58-4d3a-954c-d6f925354a7e,8998609.78320313,26497.3516817975
757,33020,La Quinta,Riverside County,La Quinta,0640354,City,City of La Quinta,2411582,LQNT,RIV,,,La Quinta,,35.7173539874126,10bc1a3e-328a-4f13-958a-5bec66fa044f,92507522.2130432,61743.3103276739
758,19239,La Verne,Los Angeles County,La Verne,0640830,City,City of La Verne,2411584,LAVN,LAC,,,La Verne,,8.5533620584216,e4b36b31-7ed5-4822-8ef2-b22ca349be4e,22153106.0490417,35609.6731493271
759,07014,Lafayette,Contra Costa County,Lafayette,0639122,City,City of Lafayette,2411591,LFYT,CCA,,,Lafayette,,15.1905038748108,8a7b8647-f2f0-44fe-a0f2-3e5dfe015f46,39343224.3782023,43683.6568752422
760,30005,Laguna Beach,Orange County,Laguna Beach,0639178,City,City of Laguna Beach,2411595,LGNB,ORA,,,Laguna Beach,,8.83800092535296,dd56acf0-e6d8-4cf8-9562-1e55d287d2ec,22890317.1804352,51313.7478220126
761,30031,Laguna Hills,Orange County,Laguna Hills,0639220,City,City of Laguna Hills,2411596,LGNH,ORA,,,Laguna Hills,,6.64785765068874,b4a7df2f-e215-4905-a38c-9b037024264a,17217872.3152084,30295.8779381492
762,30029,Laguna Niguel,Orange County,Laguna Niguel,0639248,City,City of Laguna Niguel,2411597,LGNG,ORA,,,Laguna Niguel,,14.7876194313481,dd1832b7-6b7d-402d-8597-bea6c4f28472,38299758.4569321,36859.3069062034
763,30032,Laguna Woods,Orange County,Laguna Woods,0639259,City,City of Laguna Woods,2411598,LGNW,ORA,,,Laguna Woods,,3.30615742989643,f79c8dd9-6f97-4bc8-a313-9357c8e98f15,8562908.37689209,23199.2836158499
764,33005,Lake Elsinore,Riverside County,Lake Elsinore,0639486,City,City of Lake Elsinore,2411601,LESN,RIV,,,Lake Elsinore,,43.553489825775,fc084f71-88a9-44dd-9354-9ebaa88089e9,112803020.944199,93680.5162057938
765,30030,Lake Forest,Orange County,Lake Forest,0639496,City,City of Lake Forest,2411602,LKFR,ORA,,,Lake Forest,,16.7857675158227,8408ea44-ba1d-4483-b704-96b5f57f7014,43474938.299202,33100.7559460022
766,17001,Lakeport,Lake County,Lakeport,0639710,City,City of Lakeport,2411609,LKPT,LAK,,,Lakeport,,3.13123012472061,34ca813d-8199-4792-be00-1b9be866b1be,8109848.79496193,21261.4303131419
767,19237,Lakewood,Los Angeles County,Lakewood,0639892,City,City of Lakewood,2411613,LKWD,LAC,,,Lakewood,,9.45211564200569,82f91234-f5a8-4c6e-b5cd-4ca89791c3a2,24480867.1250458,37862.753952275
768,19299,Lancaster,Los Angeles County,Lancaster,0640130,City,City of Lancaster,2411620,LANC,LAC,,,Lancaster,,94.5340786044235,35afb6af-5ded-4a4b-ba0f-ef87c6bd7930,244842139.91238,206905.742244726
769,21004,Larkspur,Marin County,Larkspur,0640438,City,City of Larkspur,2411627,LKSP,MRN,,,Larkspur,,3.15796495782976,dbf3b4ff-cdcc-4ef1-9d60-4cd247376761,8179091.69499326,25325.8346856129
770,39007,Lathrop,San Joaquin County,Lathrop,0640704,City,City of Lathrop,2411633,LTRP,SJQ,,,Lathrop,,20.9292331623408,1acc4eca-170d-4bf4-b0a7-c5fa3dba4b33,54206465.0296034,54142.2160149205
771,19240,Lawndale,Los Angeles County,Lawndale,0640886,City,City of Lawndale,2411637,LNDL,LAC,,,Lawndale,,1.96785475555265,349ccc98-e40d-445c-a12a-9da548466866,5096720.39562988,11247.0314076066
772,37015,Lemon Grove,San Diego County,Lemon Grove,0641124,City,City of Lemon Grove,2410818,LMGR,SDO,,,Lemon Grove,,3.91272233459647,afe211ea-b964-40e9-8c23-ea27962155ac,10133904.3585968,19788.7045240439
773,16003,Lemoore,Kings County,Lemoore,0641152,City,City of Lemoore,2410819,LEMR,KIN,,,Lemoore,,9.8081991904605,b8dd40e1-eaa8-4f73-9f7d-cd40168a478a,25403119.241766,32880.566644935
774,31003,Lincoln,Placer County,Lincoln,0641474,City,City of Lincoln,2410835,LNCN,PLA,,,Lincoln,,28.3567223787889,9b0283f5-ae9c-46ac-9424-cd194e119720,73443573.6981182,64111.5922604225
775,54003,Lindsay,Tulare County,Lindsay,0641712,City,City of Lindsay,2410839,LNSY,TUL,,,Lindsay,,2.92246443646329,0eed57ab-78a9-42f3-b095-8e52fa3dfe73,7569148.08091927,23397.4326402762
776,51002,Live Oak,Sutter County,Live Oak,0641936,City,City of Live Oak,2410846,LIOK,SUT,,,Live Oak,,3.11259726923314,08dfcc53-0825-4136-ab55-a21eace7f58c,8061589.85071373,21151.6655655038
777,01016,Livermore,Alameda County,Livermore,0641992,City,City of Livermore,2410848,LVMR,ALA,,,Livermore,,26.7207512749243,321169b5-cbb8-4b5b-9b79-0d1db38bcead,69206428.0282459,83577.8033819335
778,24003,Livingston,Merced County,Livingston,0642006,City,City of Livingston,2410850,LVTN,MER,,,Livingston,,3.68446097297499,42e83e82-67d2-4a12-98d3-6699b5019f7c,9542710.10395002,22549.5592564197
779,39001,Lodi,San Joaquin County,Lodi,0642202,City,City of Lodi,2410854,LODI,SJQ,,,Lodi,,13.9969085850014,0fc1eb6a-bd76-463d-bdb7-ee74025cce99,36251826.7521255,49784.4154464426
780,36013,Loma Linda,San Bernardino County,Loma Linda,0642370,City,City of Loma Linda,2410857,LMLN,SBD,,,Loma Linda,,8.95063348103791,a716faa2-e166-4317-86ec-46b572d0b572,23182034.2709732,23500.7900480763
781,19297,Lomita,Los Angeles County,Lomita,0642468,City,City of Lomita,2410859,LMTA,LAC,,,Lomita,,1.91812908941884,d6ffb74b-c790-4c54-9681-c32fca739686,4967931.50721741,13693.4965449815
782,42001,Lompoc,Santa Barbara County,Lompoc,0642524,City,City of Lompoc,2410860,LOMC,SBC,,,Lompoc,,11.6984941211569,7ec6159b-bbb4-482d-a75b-96362673e8f2,30298960.6031055,39955.7207470842
783,19241,Long Beach,Los Angeles County,Long Beach,0643000,City,City of Long Beach,2410866,LBCH,LAC,,,Long Beach,,51.7126784635295,7164d6c8-8648-4b66-8546-31ba2f04337b,133935222.28466,170686.541077885
784,31006,Loomis,Placer County,Loomis,0643140,Town,Town of Loomis,2412914,LOMS,PLA,,,Loomis,,7.34247377036506,add94a91-61fe-464e-a5e6-030f3ecc7051,19016919.7144098,28955.9737266
785,30022,Los Alamitos,Orange County,Los Alamitos,0643224,City,City of Los Alamitos,2410875,LALM,ORA,,,Los Alamitos,,4.09037203170585,3750eb33-fa3a-47cb-9ee7-c392fe82b33d,10594014.874321,21294.7367206793
786,43011,Los Altos,Santa Clara County,Los Altos,0643280,City,City of Los Altos,2410876,LATS,SCL,,,Los Altos,,6.52196312503853,c5470a08-e5fb-4e94-a1d6-53cde20a06b8,16891806.9077263,34166.9746563344
787,43014,Los Altos Hills,Santa Clara County,Los Altos Hills,0643294,Town,Town of Los Altos Hills,2412916,LAHL,SCL,,,Los Altos Hills,,9.0772134902191,673f25ac-08ed-46fb-9b2d-6734f89be793,23509874.9930687,35538.6302861474
788,19201,Los Angeles,Los Angeles County,Los Angeles,0644000,City,City of Los Angeles,2410877,LANG,LAC,,,Los Angeles,,473.24739610408,493ab084-b68a-46f3-a2c6-dc3f655857f1,1225705129.56738,556783.238617183
789,24004,Los Banos,Merced County,Los Banos,0644028,City,City of Los Banos,2410878,LBNS,MER,,,Los Banos,,10.6541310588399,267f011d-3e99-406f-ab07-5d1e519fca80,27594072.8279786,45068.7206814246
790,43003,Los Gatos,Santa Clara County,Los Gatos,0644112,Town,Town of Los Gatos,2412917,LGTS,SCL,,,Los Gatos,,11.6627773022169,4fc7d69a-a4b1-4c29-987a-28614165f8c5,30206454.5605688,74821.7469106702
791,46001,Loyalton,Sierra County,Loyalton,0644364,City,City of Loyalton,2410891,LOYT,SIE,,,Loyalton,,0.340203290587282,0d77a924-bc4c-4615-ab61-3b2898201e51,881122.486006498,4039.31122188402
792,19242,Lynwood,Los Angeles County,Lynwood,0644574,City,City of Lynwood,2410901,LYNW,LAC,,,Lynwood,,4.84266307319366,3ed67022-7a8d-40c4-b4b5-cf0376fb17e7,12542439.7328949,21991.5011575405
793,20002,Madera,Madera County,Madera,0645022,City,City of Madera,2410906,MADA,MAD,,,Madera,,20.019284999973,498073cb-df1e-47df-8257-a5450d3a1b35,51849710.155324,62167.1635364104
794,19224,Malibu,Los Angeles County,Malibu,0645246,City,City of Malibu,2410913,MALU,LAC,,,Malibu,,19.7005016578777,01d017f4-dd58-4d84-8ad2-756d57213602,51024065.1266556,76749.7782364161
795,26010,Mammoth Lakes,Mono County,Mammoth Lakes,0645358,Town,Town of Mammoth Lakes,2412936,MMLK,MNO,,,Mammoth Lakes,,25.3582879277877,2626967c-60f0-4fba-850b-e328d95fb96c,65677664.1976202,46419.2805848355
796,19243,Manhattan Beach,Los Angeles County,Manhattan Beach,0645400,City,City of Manhattan Beach,2411020,MANB,LAC,,,Manhattan Beach,,3.97913251918397,1387511c-2c18-40e0-88c2-3631f5f9c3f7,10305905.9536667,14624.3341060048
797,39002,Manteca,San Joaquin County,Manteca,0645484,City,City of Manteca,2411024,MTCA,SJQ,,,Manteca,,22.355716550927,6d63dbe2-0d25-4b03-b4b2-20a898d77fd9,57901040.0456737,68371.7662551115
798,15003,Maricopa,Kern County,Maricopa,0645736,City,City of Maricopa,2411033,MACP,KER,,,Maricopa,,1.54670994156164,e37816b4-82d0-497c-8f1c-bdd8f1bd9c29,4005960.42458344,15064.4520212309
799,27012,Marina,Monterey County,Marina,0645778,City,City of Marina,2411035,MRNA,MON,,,Marina,,8.8792366754491,59ab2dc1-e6cf-4ea2-bdef-9209ac4be333,22997117.4501877,30617.1456403558
800,07005,Martinez,Contra Costa County,Martinez,0646114,City,City of Martinez,2411045,MRTZ,CCA,,,Martinez,,12.6412539739705,8136e49b-1473-4b75-883b-90df80294b5d,32740697.4728703,59354.4091042253
801,58001,Marysville,Yuba County,Marysville,0646170,City,City of Marysville,2411046,MRVL,YUB,,,Marysville,,3.63946149983426,3168c0a5-ebd6-42e9-9f61-346efe30cde5,9426161.94747257,20947.9378112602
802,19244,Maywood,Los Angeles County,Maywood,0646492,City,City of Maywood,2411054,MYWD,LAC,,,Maywood,,1.17793534215027,1886df72-da11-478f-8a2e-f3a22b2833cf,3050838.52768707,9171.96533993312
803,15008,McFarland,Kern County,McFarland,0644826,City,City of McFarland,2411062,MCFD,KER,,,McFarland,,6.89437722534849,8b2fcba0-f349-470e-a747-cecdf6f69a2d,17856355.0016117,33124.9601301425
804,10012,Mendota,Fresno County,Mendota,0646828,City,City of Mendota,2411078,MEDA,FRE,,,Mendota,,3.28439065480256,5433c3b8-7150-4ac2-91ee-0d847663433a,8506532.66692162,27199.6714544931
805,33026,Menifee,Riverside County,Menifee,0646842,City,City of Menifee,2497157,MNFE,RIV,,,Menifee,,46.5873911889203,eee1670f-6ba1-48ef-af22-fc36d2f998b9,120660789.229797,69341.0660605085
806,41008,Menlo Park,San Mateo County,Menlo Park,0646870,City,City of Menlo Park,2411079,MELP,SMO,,,Menlo Park,,10.0406622999959,e21337df-71b9-4549-a491-3410e779d784,26005195.9301834,54515.1481979407
807,24005,Merced,Merced County,Merced,0646898,City,City of Merced,2411080,MERC,MER,,,Merced,,26.1654930091342,b59bef5e-f240-411e-ae6d-969cb0c7e71f,67768315.7656603,124301.322183541
808,21005,Mill Valley,Marin County,Mill Valley,0647710,City,City of Mill Valley,2411109,MLVL,MRN,,,Mill Valley,,4.80286729103945,e0132908-166b-4ce4-8995-58bd7140635a,12439369.1747875,28163.7220089671
809,41014,Millbrae,San Mateo County,Millbrae,0647486,City,City of Millbrae,2411110,MLBR,SMO,,,Millbrae,,3.27708745284112,2863c2c3-68b0-4f1b-ae89-6b5e5de2f927,8487617.5749855,16134.5307486326
810,43012,Milpitas,Santa Clara County,Milpitas,0647766,City,City of Milpitas,2411113,MLPS,SCL,,,Milpitas,,13.5484737638508,6e23c8e8-b4f3-4eb0-a7c5-a5c0cb9cda20,35090386.0221443,48380.7265334758
811,30027,Mission Viejo,Orange County,Mission Viejo,0648256,City,City of Mission Viejo,2411123,MSNV,ORA,,,Mission Viejo,,18.0106297446692,3987bc71-a98d-48e3-8461-028c28534a94,46647316.8351135,39232.9760181169
812,50002,Modesto,Stanislaus County,Modesto,0648354,City,City of Modesto,2411130,MODO,STA,,,Modesto,,45.1047530284991,95dff4ff-6e76-4e37-ae58-c2d71121b5d2,116820774.262762,166165.143120041
813,19245,Monrovia,Los Angeles County,Monrovia,0648648,City,City of Monrovia,2411138,MNRO,LAC,,,Monrovia,,13.7480668520621,2a01cbb3-d8e6-4483-b799-050cdfa8ee6f,35607329.7484818,43912.0376936803
814,47005,Montague,Siskiyou County,Montague,0648690,City,City of Montague,2411140,MNTG,SIS,,,Montague,,1.73829023754836,491a79da-536a-4c97-a847-eaa5ceff4e15,4502151.09449768,12456.1661940452
815,36011,Montclair,San Bernardino County,Montclair,0648788,City,City of Montclair,2411141,MOCL,SBD,,,Montclair,,5.53760410210251,cf71484d-014c-443c-973e-3467fdaac2a8,14342328.7674561,19116.4132229549
816,43016,Monte Sereno,Santa Clara County,Monte Sereno,0648956,City,City of Monte Sereno,2411142,MOSO,SCL,,,Monte Sereno,,1.62331382515399,f8ae81e7-1f3b-4b7a-b3c3-407099ffc7e4,4204363.48536777,20342.596971493
817,19246,Montebello,Los Angeles County,Montebello,0648816,City,City of Montebello,2411144,MTBL,LAC,,,Montebello,,8.36909187095992,3b73c7ba-a108-401b-af54-9e2d5a79c15f,21675848.4825439,30301.4314105304
818,27003,Monterey,Monterey County,Monterey,0648872,City,City of Monterey,2411145,MONR,MON,,,Monterey,,8.62392087145848,b8d3d7e6-7f5d-4ec1-bc4e-9533c5d69474,22335852.5404377,51433.7142382678
819,19247,Monterey Park,Los Angeles County,Monterey Park,0648914,City,City of Monterey Park,2411146,MONP,LAC,,,Monterey Park,,7.73737322522429,ff33866b-3acc-4ed8-bc43-860d316d0394,20039704.5711594,24301.4463186562
820,56010,Moorpark,Ventura County,Moorpark,0649138,City,City of Moorpark,2411157,MRPK,VEN,,,Moorpark,,12.4703818706682,135cc76e-95ad-4e3f-9e29-44b022a62d0f,32298140.7603035,34761.4782766111
821,07015,Moraga,Contra Costa County,Moraga,0649187,Town,Town of Moraga,2413013,MRGA,CCA,,,Moraga,,9.47636953215786,a43c5d52-d993-4276-a42f-a7e1f87a9490,24543684.4603937,31010.5579312763
822,33021,Moreno Valley,Riverside County,Moreno Valley,0649270,City,City of Moreno Valley,2411159,MORV,RIV,,,Moreno Valley,,51.674967547449,d97b8f70-ffaa-4b59-bb85-c26bec481715,133837551.49205,77691.1847147141
823,43004,Morgan Hill,Santa Clara County,Morgan Hill,0649278,City,City of Morgan Hill,2411162,MGHL,SCL,,,Morgan Hill,,12.904421382187,6887d47d-61ab-4c48-8e81-6c55ad332ee3,33422297.8544874,85056.1784950704
824,40006,Morro Bay,San Luis Obispo County,Morro Bay,0649362,City,City of Morro Bay,2411169,MOBY,SLO,,,Morro Bay,,5.77794322167017,075339d6-0959-4750-9dfb-23a307622ae5,14964804.2019367,26774.9901360517
825,47006,Mount Shasta,Siskiyou County,Mount Shasta,0649852,City,City of Mount Shasta,2411181,MSHA,SIS,,,Mount Shasta,,3.61904176472927,21b10427-6e7a-4bfc-86da-084dc3b8e454,9373275.19606781,26940.0133511285
826,39008,Mountain House,San Joaquin County,Mountain House,,,City of Mountain House,2832399,MNHS,SJQ,,,Mountain House,,6.90875556106882,05ee5d54-7053-497d-99d7-b5f4248ed96f,17893594.7695241,28812.9006819865
827,43005,Mountain View,Santa Clara County,Mountain View,0649670,City,City of Mountain View,2411186,MNVW,SCL,,,Mountain View,,12.1163758290338,f64a227d-518a-4877-84a2-29f3b4836106,31381269.3587399,43370.5885008987
828,33024,Murrieta,Riverside County,Murrieta,0650076,City,City of Murrieta,2411199,MRTA,RIV,,,Murrieta,,35.4561034398095,0300af37-431d-4364-813b-d33b3fe7eac1,91830886.2631073,59030.2915782939
829,28002,Napa,Napa County,Napa,0650258,City,City of Napa,2411209,NAPA,NAP,,,Napa,,18.3808473888543,392764f5-c00b-4eb4-9fd7-38bb3601575f,47606176.1466012,101856.367923528
830,37006,National City,San Diego County,National City,0650398,City,City of National City,2411216,NATC,SDO,,,National City,,9.31157650107227,9674717e-1081-4135-94e6-28ff8cd2fe04,24116872.2983856,55102.8883282097
831,36003,Needles,San Bernardino County,Needles,0650734,City,City of Needles,2411220,NEDL,SBD,,,Needles,,31.179135480737,d7b83ff8-48f7-4ce3-9854-84e79911b840,80753590.4253387,53753.8419314852
832,29002,Nevada City,Nevada County,Nevada City,0650874,City,City of Nevada City,2411225,NEVC,NEV,,,Nevada City,,2.42206564398332,9fafb847-2b95-4484-ad89-c67c905569d8,6273121.22326469,20145.1353903421
833,01011,Newark,Alameda County,Newark,0650916,City,City of Newark,2411238,NEWK,ALA,,,Newark,,14.0476674080107,f8ea47af-e484-44c5-b132-394c90e9c816,36383291.5609245,30416.308266162
834,50003,Newman,Stanislaus County,Newman,0651140,City,City of Newman,2411247,NEWM,STA,,,Newman,,2.23126550332,3fa7676e-1cab-43fd-ab43-a4df1c462421,5778951.16884899,18531.8119360224
835,30007,Newport Beach,Orange County,Newport Beach,0651182,City,City of Newport Beach,2411250,NPTB,ORA,,,Newport Beach,,25.8067511452802,0b836dc6-c2d8-433b-a29b-f71c1bee6221,66839178.5251312,57792.1805596807
836,33015,Norco,Riverside County,Norco,0651560,City,City of Norco,2411265,NRCO,RIV,,,Norco,,14.0015750704194,e3cff524-d244-40de-b0b1-5975edf98faf,36263913.0013199,37135.8289929046
837,19248,Norwalk,Los Angeles County,Norwalk,0652526,City,City of Norwalk,2411281,NRWK,LAC,,,Norwalk,,9.75696511524363,55ba06d1-dc53-4c82-a6a8-173d60a89796,25270423.6862946,27922.3792446854
838,21010,Novato,Marin County,Novato,0652582,City,City of Novato,2411283,NVTO,MRN,,,Novato,,27.6704745959498,01d265e8-e035-465f-8622-afeba6243ca2,71666200.1209605,89240.3253459329
839,50004,Oakdale,Stanislaus County,Oakdale,0652694,City,City of Oakdale,2411291,OKDL,STA,,,Oakdale,,6.25645000930588,c0f2276a-3354-468d-92d4-c5e61e6096ee,16204130.9659858,35089.5357849604
840,01017,Oakland,Alameda County,Oakland,0653000,City,City of Oakland,2411292,OAKD,ALA,,,Oakland,,56.8732851404907,019230ad-60d8-4d3c-8fb3-7dc8778664b5,147301132.101592,114474.627616796
841,07019,Oakley,Contra Costa County,Oakley,0653070,City,City of Oakley,2411294,OKLY,CCA,,,Oakley,,16.1781122887484,36e5ed89-6584-466e-b088-58ce244eabba,41901118.4032052,38505.0402331285
842,37007,Oceanside,San Diego County,Oceanside,0653322,City,City of Oceanside,2411301,OCNS,SDO,,,Oceanside,,42.1553267846568,f9250985-7408-45fd-87fa-182333205138,109181795.284111,74966.706136351
843,56002,Ojai,Ventura County,Ojai,0653476,City,City of Ojai,2411308,OJAI,VEN,,,Ojai,,4.367260682081,c906f4f2-99b9-4256-9a60-4e4109495f66,11311153.2032509,22508.762290895
844,36004,Ontario,San Bernardino County,Ontario,0653896,City,City of Ontario,2411323,ONTR,SBD,,,Ontario,,49.9341097705115,a534e65c-ebaa-449d-8d99-910f7317b7be,129328750.697433,54253.6253842963
845,30008,Orange,Orange County,Orange,0653980,City,City of Orange,2411325,ORAG,ORA,,,Orange,,25.7655640671422,12ea8f1f-5adf-4006-96dd-140d3b7b9729,66732504.6796722,104081.856121406
846,10014,Orange Cove,Fresno County,Orange Cove,0654008,City,City of Orange Cove,2411327,ORCV,FRE,,,Orange Cove,,1.83356031757808,5a993fe9-8ee1-4cad-9647-a419bb6e702a,4748899.43975163,13731.607038382
847,07018,Orinda,Contra Costa County,Orinda,0654232,City,City of Orinda,2411334,ORIN,CCA,,,Orinda,,12.8643868368068,bb5a31dd-1670-4db0-9c5f-c255ea5ba238,33318608.9278016,38014.5992156133
848,11001,Orland,Glenn County,Orland,0654274,City,City of Orland,2411335,ORLD,GLE,,,Orland,,3.04949824887457,4e67edf7-0007-4ba5-bf37-b7280e95bc8c,7898164.21409988,19601.7346974931
849,04004,Oroville,Butte County,Oroville,0654386,City,City of Oroville,2411337,ORVL,BUT,,,Oroville,,13.9772890360781,20522af9-4669-4a86-8752-bebedfa08c22,36201012.4770641,71569.9034153067
850,56003,Oxnard,Ventura County,Oxnard,0654652,City,City of Oxnard,2411347,OXND,VEN,,,Oxnard,,27.2903125734013,343cac27-74aa-4056-ae68-4c9d6725d34e,70681584.9841824,98963.9992355066
851,27004,Pacific Grove,Monterey County,Pacific Grove,0654848,City,City of Pacific Grove,2411350,PCGR,MON,,,Pacific Grove,,2.86463702474453,20b23573-b417-47cb-a53a-3d14ca54cfe9,7419375.84489059,18181.4072179613
852,41016,Pacifica,San Mateo County,Pacifica,0654806,City,City of Pacifica,2411351,PCFA,SMO,,,Pacifica,,12.4896239696143,6b85ed8b-c7c1-4e04-816e-199a62de5320,32347977.4595771,38807.2709447962
853,33018,Palm Desert,Riverside County,Palm Desert,0655184,City,City of Palm Desert,2411356,PDST,RIV,,,Palm Desert,,26.9515337605982,c059381f-c18e-472e-b19c-3386928b9672,69804151.886734,63068.3954938658
854,33011,Palm Springs,Riverside County,Palm Springs,0655254,City,City of Palm Springs,2411357,PASP,RIV,,,Palm Springs,,94.5495154343641,0a636372-009f-4be8-ac43-b12e0eb7e5c6,244882120.747147,146876.157451675
855,19295,Palmdale,Los Angeles County,Palmdale,0655156,City,City of Palmdale,2411359,PMDL,LAC,,,Palmdale,,106.293450063312,b75253b6-be34-48fa-918e-cc84d7645009,275298771.905449,208097.777295798
856,43006,Palo Alto,Santa Clara County,Palo Alto,0655282,City,City of Palo Alto,2411362,PAAT,SCL,,,Palo Alto,,24.2062254663842,e6ed6f70-3ad1-43af-abde-e32ec000312e,62693836.2401781,90502.70264234
857,19249,Palos Verdes Estates,Los Angeles County,Palos Verdes Estates,0655380,City,City of Palos Verdes Estates,2411363,PSVE,LAC,,,Palos Verdes Estates,,4.78363277296441,9279834e-1df2-4f76-9e5e-0f8795d7933b,12389552.0093536,22093.9949511211
858,04005,Paradise,Butte County,Paradise,0655520,Town,Town of Paradise,2413111,PRDS,BUT,,,Paradise,,18.0390292888298,7587fe81-90df-4b36-9503-134bffeffb27,46720871.2914467,31795.5466667496
859,19250,Paramount,Los Angeles County,Paramount,0655618,City,City of Paramount,2411369,PRMT,LAC,,,Paramount,,4.82042470538066,da0fe781-4f5f-44ca-b34d-a5591e5780a6,12484842.7013626,20711.6763050674
860,10007,Parlier,Fresno County,Parlier,0655856,City,City of Parlier,2411376,PARL,FRE,,,Parlier,,2.52412357970094,0e584e60-d53c-4626-a794-32a16f136846,6537450.0826726,20717.0391668721
861,19251,Pasadena,Los Angeles County,Pasadena,0656000,City,City of Pasadena,2411379,PASD,LAC,,,Pasadena,,23.1080350574165,13a055df-c793-414d-be50-c728a683e354,59849536.1666489,86281.6874553051
862,40002,Paso Robles,San Luis Obispo County,Paso Robles,0622300,City,City of El Paso de Robles,2410415,PSRS,SLO,,,El Paso de Robles,,20.0433717923286,1d20a8ef-f97f-4f31-a001-04e89a559e22,51912094.6717272,64490.863875275
863,50005,Patterson,Stanislaus County,Patterson,0656112,City,City of Patterson,2411383,PATN,STA,,,Patterson,,10.1444203714183,5cad5da5-946f-43f0-acfd-ff7eb8bc33b1,26273928.2417259,36997.6151155653
864,33008,Perris,Riverside County,Perris,0656700,City,City of Perris,2411403,PERR,RIV,,,Perris,,31.6910659178989,05a3df6f-8cc9-45f5-9938-6eb453fb9591,82079483.903511,71806.0823546797
865,49003,Petaluma,Sonoma County,Petaluma,0656784,City,City of Petaluma,2411407,PETL,SON,,,Petaluma,,14.5133987923322,ccbd6eb3-96f4-4c51-be61-a8731e25c407,37589530.2946033,51144.78091296
866,19287,Pico Rivera,Los Angeles County,Pico Rivera,0656924,City,City of Pico Rivera,2411417,PIRV,LAC,,,Pico Rivera,,8.90646779548236,4a07bd62-f113-4d5f-891b-3a58d29fb4a5,23067645.688118,29060.7444220917
867,01018,Piedmont,Alameda County,Piedmont,0656938,City,City of Piedmont,2411418,PDMT,ALA,,,Piedmont,,1.70796021540549,ad3cdf8f-7f56-457a-b1be-d03a11129776,4423596.63661718,9050.31937457052
868,07006,Pinole,Contra Costa County,Pinole,0657288,City,City of Pinole,2411428,PINL,CCA,,,Pinole,,5.10904896346651,a143e6f8-48ef-4fb4-b6f3-235444b8dfed,13232376.0222225,27444.1351703478
869,40004,Pismo Beach,San Luis Obispo County,Pismo Beach,0657414,City,City of Pismo Beach,2411429,PBCH,SLO,,,Pismo Beach,,3.50566237676369,ea7406ea-8ba9-4b71-8598-d9401250eaaa,9079623.87008667,31548.2965520879
870,07007,Pittsburg,Contra Costa County,Pittsburg,0657456,City,City of Pittsburg,2411430,PITB,CCA,,,Pittsburg,,18.7199933405987,65c47bb3-c9c5-4d55-bda7-b81e5590cbbb,48484560.1986329,63832.4709147402
871,30009,Placentia,Orange County,Placentia,0657526,City,City of Placentia,2411432,PLCN,ORA,,,Placentia,,6.74005201621383,4c121c50-d1a0-44e2-abbe-7a7a97a37082,17456654.5397415,34358.8721073784
872,09001,Placerville,El Dorado County,Placerville,0657540,City,City of Placerville,2411433,PLCR,EDO,,,Placerville,,5.84565974723468,f774f948-b5a8-4451-a79e-de2089d1dbbe,15140189.2331839,43283.1294784352
873,07012,Pleasant Hill,Contra Costa County,Pleasant Hill,0657764,City,City of Pleasant Hill,2411439,PLHL,CCA,,,Pleasant Hill,,7.07688160038761,b9bbb1f3-d81b-4de0-892d-bfb86759c223,18329039.2035203,32510.2548060843
874,01019,Pleasanton,Alameda County,Pleasanton,0657792,City,City of Pleasanton,2411441,PLEN,ALA,,,Pleasanton,,24.2810538310455,e8efa42f-0dc3-42df-8e80-3313d78043c7,62887640.8973184,78622.7054399347
875,03003,Plymouth,Amador County,Plymouth,0657834,City,City of Plymouth,2411446,PLYM,AMA,,,Plymouth,,2.66024693872781,a395d459-95ef-43f0-9e82-013140d630ec,6890007.86570001,24036.1494166915
876,23002,Point Arena,Mendocino County,Point Arena,0657876,City,City of Point Arena,2411449,PTAN,MEN,,,Point Arena,,1.36985756235127,67e1636e-30ef-4ff3-ab27-6024e79d8fb0,3547914.7635746,14256.4262371686
877,19252,Pomona,Los Angeles County,Pomona,0658072,City,City of Pomona,2411454,POMA,LAC,,,Pomona,,22.9848232471928,f1d4dd0f-10e8-4b14-800b-2ed8deed0409,59530418.9035339,49737.6014677823
878,56006,Port Hueneme,Ventura County,Port Hueneme,0658296,City,City of Port Hueneme,2411462,PHME,VEN,,,Port Hueneme,,4.53055251440485,43286a6f-64dd-40ed-97ad-20c77bbf58c4,11734077.1603661,16295.2434231917
879,54004,Porterville,Tulare County,Porterville,0658240,City,City of Porterville,2411470,PTRV,TUL,,,Porterville,,18.9425805022471,574537f4-e5ee-4601-b4b9-24e08f7fff6b,49061058.4081516,109942.611552359
880,32001,Portola,Plumas County,Portola,0658352,City,City of Portola,2411473,PRTL,PLU,,,Portola,,5.43251598670401,b0cd0a22-7879-461b-9578-062c55539c73,14070151.7593884,30217.4283736174
881,41019,Portola Valley,San Mateo County,Portola Valley,0658380,Town,Town of Portola Valley,2412499,PTLV,SMO,,,Portola Valley,,9.04645510136274,4c36730a-54ae-427b-8760-16fa3cf05059,23430211.1337442,26689.2946575877
882,37017,Poway,San Diego County,Poway,0658520,City,City of Poway,2411480,POWY,SDO,,,Poway,,39.1271966289065,f656188b-ebba-419a-8899-5fe33a57be97,101338973.967133,64668.5723852268
883,34008,Rancho Cordova,Sacramento County,Rancho Cordova,0659444,City,City of Rancho Cordova,2411513,RCDV,SAC,,,Rancho Cordova,,34.8235137175743,ef8a0a61-236a-42fb-a10a-4939987e9f8c,90192486.3353238,65584.0686176588
884,36015,Rancho Cucamonga,San Bernardino County,Rancho Cucamonga,0659451,City,City of Rancho Cucamonga,2411514,RCUC,SBD,,,Rancho Cucamonga,,46.5116206219436,c493caed-613b-4b21-b932-47a4e36b8817,120464544.398193,53830.6488502777
885,33017,Rancho Mirage,Riverside County,Rancho Mirage,0659500,City,City of Rancho Mirage,2411515,RMIR,RIV,,,Rancho Mirage,,26.0151281849226,22f4805b-cd6c-43af-8c7d-da76a5ce29f3,67378872.7009583,47247.3706724186
886,19253,Rancho Palos Verdes,Los Angeles County,Rancho Palos Verdes,0659514,City,City of Rancho Palos Verdes,2411516,ROPV,LAC,,,Rancho Palos Verdes,,13.5180415377114,fb0a638d-2422-4e7f-b7a0-c42b2a026243,35011566.9106216,62978.8023302132
887,30033,Rancho Santa Margarita,Orange County,Rancho Santa Margarita,0659587,City,City of Rancho Santa Margarita,2411517,RASM,ORA,,,Rancho Santa Margarita,,12.9390614006484,27f01c89-f935-4318-b6f8-ca77a65e8072,33512015.0922089,44164.9117403758
888,52002,Red Bluff,Tehama County,Red Bluff,0659892,City,City of Red Bluff,2411527,RBLF,TEH,,,Red Bluff,,7.78769450480989,ab546921-f8d0-4ad1-bda5-d31e526cce5f,20170036.1640434,55531.1910984731
889,45001,Redding,Shasta County,Redding,0659920,City,City of Redding,2411531,REDG,SHA,,,Redding,,60.9015782775917,7da39f85-3bf9-4e39-9e74-31cd0a6cca00,157734363.465469,151842.37698159
890,36005,Redlands,San Bernardino County,Redlands,0659962,City,City of Redlands,2411532,RDLD,SBD,,,Redlands,,36.26360856355,828e2365-8ccc-4c6c-ba57-396bb1f3da0c,93922315.187027,92405.7592870948
891,19254,Redondo Beach,Los Angeles County,Redondo Beach,0660018,City,City of Redondo Beach,2411535,RDOB,LAC,,,Redondo Beach,,6.24469467179559,bba2817f-7c40-4cdb-a64d-ca57919de42d,16173684.8363571,34465.6037763851
892,41009,Redwood City,San Mateo County,Redwood City,0660102,City,City of Redwood City,2410919,RDWC,SMO,,,Redwood City,,21.65519708795,1eb86840-fadd-43b8-9045-41f75cd04e73,56086702.9661064,75726.9742193442
893,10008,Reedley,Fresno County,Reedley,0660242,City,City of Reedley,2410920,REED,FRE,,,Reedley,,5.80357474312544,19e9893f-1440-4aad-a249-c06594002ff3,15031189.5785174,33103.0354946073
894,36006,Rialto,San Bernardino County,Rialto,0660466,City,City of Rialto,2410931,RIAO,SBD,,,Rialto,,24.1291403999749,08586d3d-b14f-4046-ae96-47c172cd3c90,62494186.8942413,81517.9674206321
895,07008,Richmond,Contra Costa County,Richmond,0660620,City,City of Richmond,2410939,RCHD,CCA,,,Richmond,,30.3474613491278,37d87df5-00bd-49e9-b1cb-fd42fa308d2c,78599564.160095,153880.274545504
896,15010,Ridgecrest,Kern County,Ridgecrest,0660704,City,City of Ridgecrest,2410944,RGCR,KER,,,Ridgecrest,,21.4902349572036,c319f918-eb1f-46c2-b721-1e47ae695fc7,55659452.842289,56251.9132466478
897,12007,Rio Dell,Humboldt County,Rio Dell,0660900,City,City of Rio Dell,2410951,RDEL,HUM,,,Rio Dell,,2.60157604519377,df59341e-cb3f-4149-b26f-e4f9f6fe76e5,6738050.99742126,21350.8903726063
898,48004,Rio Vista,Solano County,Rio Vista,0660984,City,City of Rio Vista,2410955,RIVA,SOL,,,Rio Vista,,7.14156431595656,8a08bfe5-ef2f-4084-b0a9-294ad711bf36,18496566.5476441,27650.8459716455
899,39005,Ripon,San Joaquin County,Ripon,0661026,City,City of Ripon,2410957,RIPN,SJQ,,,Ripon,,5.54622548122221,765a06cc-0ffb-4584-85b3-228520d39c6e,14364658.0992615,28607.0797562284
900,50006,Riverbank,Stanislaus County,Riverbank,0661068,City,City of Riverbank,2410962,RVBK,STA,,,Riverbank,,4.74461738851114,3181312f-9c0c-48e5-855b-0330b7e79fe0,12288502.7344358,22639.6371336943
901,33009,Riverside,Riverside County,Riverside,0662000,City,City of Riverside,2410965,RIVS,RIV,,,Riverside,,81.5317816166355,d85d65a2-c125-49eb-ac1a-1e3150135a2a,211166345.158295,104507.470276301
902,31004,Rocklin,Placer County,Rocklin,0662364,City,City of Rocklin,2410980,ROCN,PLA,,,Rocklin,,19.738552182011,710fb187-e443-447e-bd78-02f05fb7f138,51122615.433897,40795.5026640575
903,49007,Rohnert Park,Sonoma County,Rohnert Park,0662546,City,City of Rohnert Park,2410985,RNPK,SON,,,Rohnert Park,,7.29441763077458,1f08c6e3-c8b5-431c-89b7-eec9cd0c2bba,18892454.9643226,32508.0377987628
904,19255,Rolling Hills,Los Angeles County,Rolling Hills,0662602,City,City of Rolling Hills,2410986,RLHL,LAC,,,Rolling Hills,,2.9904239374078,395a397d-410c-4e9e-9059-c0b485d50d0c,7745162.43923187,14681.9871288752
905,19256,Rolling Hills Estates,Los Angeles County,Rolling Hills Estates,0662644,City,City of Rolling Hills Estates,2410987,RLHE,LAC,,,Rolling Hills Estates,,3.59571364244103,80a68ce5-c7da-46fa-801b-7cb9fa403bac,9312855.635849,37393.7520777694
906,19289,Rosemead,Los Angeles County,Rosemead,0662896,City,City of Rosemead,2410998,RSMD,LAC,,,Rosemead,,5.1731145671944,ff271b0b-348b-4c38-b53c-d70909c4ecb8,13398305.223053,28792.3234358
907,31005,Roseville,Placer County,Roseville,0662938,City,City of Roseville,2411000,RSVL,PLA,,,Roseville,,44.1463144870931,6d774526-4d58-46c5-93ee-77047deca4c0,114338429.735566,80507.5377232164
908,21006,Ross,Marin County,Ross,0662980,Town,Town of Ross,2412578,ROSS,MRN,,,Ross,,1.55389594068717,b699ed7a-917a-4652-a2ec-3e317dd02826,4024572.01996443,11467.3890924264
909,34003,Sacramento,Sacramento County,Sacramento,0664000,City,City of Sacramento,2411751,SACR,SAC,,,Sacramento,,100.576297980777,16ccf49e-2ac7-4263-88fe-2f76b763e660,260491416.184244,154892.632013009
910,27005,Salinas,Monterey County,Salinas,0664224,City,City of Salinas,2411768,SALN,MON,,,Salinas,,23.5209209469849,fcd529fa-eaa7-47ee-8df9-db0ef2d75711,60918905.5862637,47238.914147301
911,21007,San Anselmo,Marin County,San Anselmo,0664434,Town,Town of San Anselmo,2413251,SLMO,MRN,,,San Anselmo,,2.6662264685334,35a0e0ff-54de-42aa-a6b3-904f394091a3,6905494.82214802,18715.5900328566
912,36007,San Bernardino,San Bernardino County,San Bernardino,0665000,City,City of San Bernardino,2411777,SBND,SBD,,,San Bernardino,,62.9834852310303,01f11ae1-730b-4e59-8b57-0669af1646ba,163126477.814781,221032.043284195
913,41010,San Bruno,San Mateo County,San Bruno,0665028,City,City of San Bruno,2411778,SBRN,SMO,,,San Bruno,,5.48653157818301,4197bd4a-6bf9-4574-9a27-47b88a1d3224,14210051.5872707,23642.5745192206
914,41011,San Carlos,San Mateo County,San Carlos,0665070,City,City of San Carlos,2411780,SCAR,SMO,,,San Carlos,,5.40309974395218,0560ce4c-d992-4f2b-834e-b5a8222b13b9,13993964.0782738,30429.9404985076
915,30010,San Clemente,Orange County,San Clemente,0665084,City,City of San Clemente,2411781,SCLE,ORA,,,San Clemente,,18.352646869737,c44c322b-5451-4643-9d0c-7c59d7f66b89,47533137.1029739,38235.926325523
916,37008,San Diego,San Diego County,San Diego,0666000,City,City of San Diego,2411782,SDGO,SDO,,,San Diego,,340.425977883222,6a8747c3-476f-44dd-aec1-8bf407061a13,881699235.005722,370018.171224836
917,19292,San Dimas,Los Angeles County,San Dimas,0666070,City,City of San Dimas,2411784,SDMS,LAC,,,San Dimas,,15.4119109830824,6bbcdbda-629a-4711-87ca-dec59ac557d3,39916666.0735092,52000.0097130084
918,19257,San Fernando,Los Angeles County,San Fernando,0666140,City,City of San Fernando,2411785,SFRD,LAC,,,San Fernando,,2.37163347538057,06c96266-34a2-4b70-bb16-f35805887fb8,6142502.50125885,11142.6211875338
919,38001,San Francisco,San Francisco County,San Francisco,0667000,City,City of San Francisco,2411786,SFSC,SFC,,,San Francisco,,47.2963275084764,a2f70143-4351-4ccc-b07f-9233c306da9c,122496926.159148,104402.605851797
920,19258,San Gabriel,Los Angeles County,San Gabriel,0667042,City,City of San Gabriel,2411787,SGBL,LAC,,,San Gabriel,,4.13365017904836,3a346e47-4619-4d5a-b481-4519bca9992c,10706104.8399277,29322.3171812456
921,33010,San Jacinto,Riverside County,San Jacinto,0667112,City,City of San Jacinto,2411788,SJCO,RIV,,,San Jacinto,,26.0440711784104,7aaeaf29-93fa-466e-83d0-fd7caecf040b,67453834.6712494,59690.6640388765
922,10010,San Joaquin,Fresno County,San Joaquin,0667126,City,City of San Joaquin,2411789,SJQN,FRE,,,San Joaquin,,1.16035028393155,36622a8d-4b44-46b8-b055-09f081a35ade,3005293.32156682,13714.1400347225
923,43017,San Jose,Santa Clara County,San Jose,0668000,City,City of San Jose,2411790,SJOS,SCL,,,San Jose,,180.350213587859,711704e5-51f4-4f3d-8eb3-c34d3503fd89,467104908.860297,438203.764113414
924,35002,San Juan Bautista,San Benito County,San Juan Bautista,0668014,City,City of San Juan Bautista,2411792,SJBT,SBT,,,San Juan Bautista,,0.789446314694265,6b5c97f5-9084-44f6-9b84-4407a02f2782,2044656.54080009,9511.62556952683
925,30023,San Juan Capistrano,Orange County,San Juan Capistrano,0668028,City,City of San Juan Capistrano,2411793,SJCP,ORA,,,San Juan Capistrano,,14.4079792377554,a7cabbff-8a6d-4a36-a446-9240767df989,37316494.8718109,33304.9937580917
926,01010,San Leandro,Alameda County,San Leandro,0668084,City,City of San Leandro,2411794,SLND,ALA,,,San Leandro,,13.4298989047457,e691c1d2-736e-4722-adcc-ee83d68e8801,34783278.4991264,33397.6195443034
927,40003,San Luis Obispo,San Luis Obispo County,San Luis Obispo,0668154,City,City of San Luis Obispo,2411796,SLOS,SLO,,,San Luis Obispo,,13.7718379538241,06c4e21f-2205-43af-a1c6-9854acfc7652,35668896.6253548,52337.700006615
928,37013,San Marcos,San Diego County,San Marcos,0668196,City,City of San Marcos,2411797,SMCS,SDO,,,San Marcos,,24.5868515548544,5c8949e5-a0e9-4fb4-924f-bad537567994,63679653.1654663,68945.9064803852
929,19259,San Marino,Los Angeles County,San Marino,0668224,City,City of San Marino,2411799,SMRO,LAC,,,San Marino,,3.7668248029633,0defdbc9-5fdb-40b5-8479-4671b8b351dc,9756031.45719147,17267.6808718579
930,41012,San Mateo,San Mateo County,San Mateo,0668252,City,City of San Mateo,2411800,SMAO,SMO,,,San Mateo,,12.376640216866,26d3228b-8a31-4707-8a7d-7a9369384a2b,32055350.9920368,45579.5763713367
931,07011,San Pablo,Contra Costa County,San Pablo,0668294,City,City of San Pablo,2411801,SPBO,CCA,,,San Pablo,,2.60550727551391,d863ffb9-ad3e-44ed-a506-70bc38befe3b,6748232.86030039,16326.8200200045
932,21008,San Rafael,Marin County,San Rafael,0668364,City,City of San Rafael,2411804,SRFL,MRN,,,San Rafael,,16.7894474774907,24076dbf-ec15-4ac5-bb3b-2e14a03f1400,43484469.4384802,72369.1546502096
933,07017,San Ramon,Contra Costa County,San Ramon,0668378,City,City of San Ramon,2411805,SRMN,CCA,,,San Ramon,,20.1017363093657,edae64ee-1f11-4dbe-a0e1-8c2597f30549,52063258.0674031,42178.0598976553
934,27011,Sand City,Monterey County,Sand City,0665112,City,City of Sand City,2411806,SNDC,MON,,,Sand City,,0.494081213323138,5dade9c4-4e86-4748-907f-968028f616f6,1279664.49375916,5808.14113901156
935,10009,Sanger,Fresno County,Sanger,0667056,City,City of Sanger,2411811,SAGR,FRE,,,Sanger,,6.37475853895969,5ae97f69-2ac7-4fb4-97c1-d209f383fd26,16510548.7554975,30327.9263016768
936,30011,Santa Ana,Orange County,Santa Ana,0669000,City,City of Santa Ana,2411814,SAAN,ORA,,,Santa Ana,,27.3913525605648,f9449c8a-a357-4966-bfdd-745e52a99588,70943277.4567947,49239.328916308
937,42002,Santa Barbara,Santa Barbara County,Santa Barbara,0669070,City,City of Santa Barbara,2411815,SABA,SBC,,,Santa Barbara,,19.6011495921956,c50e6e8c-faed-40a4-9902-06a62eedc369,50766744.477818,82366.2320363922
938,43007,Santa Clara,Santa Clara County,Santa Clara,0669084,City,City of Santa Clara,2411816,SACL,SCL,,,Santa Clara,,18.1894680904554,841f2270-684d-4715-8ea3-844f08f52548,47110506.0441618,46069.1781483608
939,19260,Santa Clarita,Los Angeles County,Santa Clarita,0669088,City,City of Santa Clarita,2411819,SCTA,LAC,,,Santa Clarita,,73.6748581953552,1590aad0-8de4-4cf0-8d08-1ed17951140d,190817006.597706,122467.79104747
940,44001,Santa Cruz,Santa Cruz County,Santa Cruz,0669112,City,City of Santa Cruz,2411820,SACZ,SCR,,,Santa Cruz,,12.754779550952,db0d8b41-6444-4cce-959f-6d60c5953b36,33034727.410944,48464.9045637071
941,19261,Santa Fe Springs,Los Angeles County,Santa Fe Springs,0669154,City,City of Santa Fe Springs,2411823,SFSP,LAC,,,Santa Fe Springs,,8.87615964423217,fa25b0c2-3e9d-434a-b0ec-259441833ba8,22989147.7962418,48002.2718008144
942,42003,Santa Maria,Santa Barbara County,Santa Maria,0669196,City,City of Santa Maria,2411824,SMRA,SBC,,,Santa Maria,,23.4657228378396,c9c21bdb-5afa-4345-a491-88c6bcaad1f0,60775942.8332291,71611.2329794819
943,19262,Santa Monica,Los Angeles County,Santa Monica,0670000,City,City of Santa Monica,2411825,SMCA,LAC,,,Santa Monica,,8.52649244093497,ff34f730-9d0a-4594-9f5f-35a83e5a48b7,22083514.0606155,20102.9072564469
944,56004,Santa Paula,Ventura County,Santa Paula,0670042,City,City of Santa Paula,2411826,SAPA,VEN,,,Santa Paula,,5.81291742067936,eea8f0be-cf27-451c-a52d-eb83f472dcf2,15055387.0088215,26830.0967240386
945,49004,Santa Rosa,Sonoma County,Santa Rosa,0670098,City,City of Santa Rosa,2411827,SARO,SON,,,Santa Rosa,,42.8630894882995,0a45dd0c-52b9-4d79-b3dc-8da8aa46ab36,111014892.070749,188303.387629921
946,37016,Santee,San Diego County,Santee,0670224,City,City of Santee,2411830,SANT,SDO,,,Santee,,16.6949612888532,edc1d88b-d296-41ca-8041-b0603e5ffea0,43239751.1997528,45364.3290634236
947,43015,Saratoga,Santa Clara County,Saratoga,0670280,City,City of Saratoga,2411832,SARG,SCL,,,Saratoga,,12.7804408986936,f2f5fbe2-d0a0-4404-8017-7f1a03f8b574,33101189.9220352,31289.5817257791
948,21009,Sausalito,Marin County,Sausalito,0670364,City,City of Sausalito,2411834,SAUS,MRN,,,Sausalito,,1.67983953001382,6603165b-41be-4771-8276-4c453b36edf3,4350764.41313219,13828.0766042156
949,44004,Scotts Valley,Santa Cruz County,Scotts Valley,0670588,City,City of Scotts Valley,2411844,SCTV,SCR,,,Scotts Valley,,4.64341512944686,ca6aa294-61ae-4df6-8c43-69e79a3ead4d,12026389.905489,28871.1796905642
950,30012,Seal Beach,Orange County,Seal Beach,0670686,City,City of Seal Beach,2411851,SLBH,ORA,,,Seal Beach,,11.5536618012724,e07a516d-d37b-4a93-89e1-6006cb085c94,29923846.7349472,31506.4339661395
951,27010,Seaside,Monterey County,Seaside,0670742,City,City of Seaside,2411853,SEAE,MON,,,Seaside,,8.96217331624254,030fb199-8215-4878-832d-5ca0b3605cef,23211922.279026,22337.9502320834
952,49005,Sebastopol,Sonoma County,Sebastopol,0670770,City,City of Sebastopol,2411857,SEBT,SON,,,Sebastopol,,1.88565950800038,383f658d-edbc-4796-9dc4-3eb7158d0312,4883835.70866585,19395.2060928847
953,10011,Selma,Fresno County,Selma,0670882,City,City of Selma,2411863,SELM,FRE,,,Selma,,6.0089728175297,ce699c5b-390e-4f4f-8714-0968cfb65b51,15563168.1192784,33547.2227414651
954,15006,Shafter,Kern County,Shafter,0671106,City,City of Shafter,2411873,SHFR,KER,,,Shafter,,38.7993472956828,f2f7c730-5a64-4a9a-a9c5-d208098f9289,100489848.011835,76811.3820964362
955,45003,Shasta Lake,Shasta County,Shasta Lake,0671225,City,City of Shasta Lake,2411877,SHLK,SHA,,,Shasta Lake,,10.8473544433592,8a0b1a30-6b4b-4d21-a38d-c00b923997b7,28094518.9218102,27350.5577038776
956,19263,Sierra Madre,Los Angeles County,Sierra Madre,0671806,City,City of Sierra Madre,2411897,SIEM,LAC,,,Sierra Madre,,2.9574995201837,d06517cf-2f08-4d43-9379-9add81f73d1a,7659888.54460144,12234.0053156281
957,19264,Signal Hill,Los Angeles County,Signal Hill,0671876,City,City of Signal Hill,2411899,SIGH,LAC,,,Signal Hill,,2.19828452383661,f73abd33-c6e9-4038-b718-cad346761ec4,5693530.76688385,17208.7172823589
958,56009,Simi Valley,Ventura County,Simi Valley,0672016,City,City of Simi Valley,2411904,SIMV,VEN,,,Simi Valley,,42.2731977994296,2adba049-b35d-4ffa-bf2b-e995e82ca682,109487079.624611,87109.3539542841
959,37018,Solana Beach,San Diego County,Solana Beach,0672506,City,City of Solana Beach,2411923,SOLB,SDO,,,Solana Beach,,3.41227579443368,2bbba7c1-35ad-4088-94b9-4587e04f95f2,8837753.7421875,14602.0597629368
960,27006,Soledad,Monterey County,Soledad,0672520,City,City of Soledad,2411924,SLDD,MON,,,Soledad,,4.73111364640772,b60002eb-b74e-4309-9405-52f211b3f9ba,12253528.1595192,32552.3061692548
961,42006,Solvang,Santa Barbara County,Solvang,0672576,City,City of Solvang,2411925,SLVG,SBC,,,Solvang,,2.44336201114547,07deba79-bf5c-4922-8d26-6e6887302fd2,6328278.56738782,19791.0253572323
962,49006,Sonoma,Sonoma County,Sonoma,0672646,City,City of Sonoma,2411929,SONO,SON,,,Sonoma,,2.74429748606966,6e5badc1-5bdb-44fc-b296-ad640a154e83,7107697.89622116,21091.6298829664
963,55001,Sonora,Tuolumne County,Sonora,0672674,City,City of Sonora,2411930,SONR,TUO,,,Sonora,,3.13007193785223,2e2d2f39-762f-4b5a-adb5-24f44d3b66ea,8106849.06864861,16860.5501991316
964,19288,South El Monte,Los Angeles County,South El Monte,0672996,City,City of South El Monte,2411934,SEMT,LAC,,,South El Monte,,2.84994031247295,d9816e5d-f53d-49f4-b73d-1c0082e38f34,7381311.51334381,18898.2615396716
965,19265,South Gate,Los Angeles County,South Gate,0673080,City,City of South Gate,2411935,SHGT,LAC,,,South Gate,,7.35173141041154,6b1f976c-7c7e-4178-9b81-bc53d9692f31,19040897.0161362,31262.5441827124
966,09002,South Lake Tahoe,El Dorado County,South Lake Tahoe,0673108,City,City of South Lake Tahoe,2411938,SLTO,EDO,,,South Lake Tahoe,,17.9755508510917,45d3bf38-7e17-45e2-8aee-44bd90bcff4d,46556463.0757161,43720.2608498355
967,19266,South Pasadena,Los Angeles County,South Pasadena,0673220,City,City of South Pasadena,2411940,SPAS,LAC,,,South Pasadena,,3.41504522083616,cc83f03b-adb2-49df-a052-ab51ae63511a,8844926.49484253,13248.7036262739
968,41013,South San Francisco,San Mateo County,South San Francisco,0673262,City,City of South San Francisco,2411942,SHSF,SMO,,,South San Francisco,,9.19265987971601,567c4afc-9d40-4d1d-9bd3-784d6fbb5e04,23808879.7088404,45468.8757230731
969,28003,St. Helena,Napa County,St. Helena,0664140,City,City of Saint Helena,2411758,SHLA,NAP,,,Saint Helena,,5.0813146790759,d48f2774-e6e7-4136-ad9b-700a39085793,13160544.5174074,24560.0969083453
970,30017,Stanton,Orange County,Stanton,0673962,City,City of Stanton,2411969,STTN,ORA,,,Stanton,,3.10502679490774,0e9d5bdb-dc64-4740-a47c-01a0e6714afd,8041982.48903656,27655.2807393657
971,39003,Stockton,San Joaquin County,Stockton,0675000,City,City of Stockton,2411987,STKN,SJQ,,,Stockton,,66.595969273371,0e1534b8-329a-459b-ab88-b7bfc483780d,172482768.579047,223791.845678401
972,48005,Suisun City,Solano County,Suisun City,0675630,City,City of Suisun City,2411995,SUIS,SOL,,,Suisun City,,4.10755872215438,bab46130-e93d-4532-837d-ea7a631cfc1d,10638528.285048,26737.4097565286
973,43009,Sunnyvale,Santa Clara County,Sunnyvale,0677000,City,City of Sunnyvale,2412009,SUNV,SCL,,,Sunnyvale,,22.1981396957324,1212186b-eeaa-48a1-96e2-dd06c7064cb3,57492917.8421221,51858.2509674176
974,18001,Susanville,Lassen County,Susanville,0677364,City,City of Susanville,2412017,SUSV,LAS,,,Susanville,,7.89586862307607,7caaea59-de6b-4db6-9053-8246b92cdd9d,20450205.8434629,50395.6930432249
975,03004,Sutter Creek,Amador County,Sutter Creek,0677392,City,City of Sutter Creek,2412019,STCK,AMA,,,Sutter Creek,,2.6882831105784,0dd534c9-91ce-48c9-8062-f3729c8e57c7,6962621.2812891,25324.4928557755
976,15004,Taft,Kern County,Taft,0677574,City,City of Taft,2412026,TAFT,KER,,,Taft,,15.1396624497914,0cc05cf3-f504-4ccb-a5f6-fa347aa4d57d,39211545.4770174,43743.707088696
977,15005,Tehachapi,Kern County,Tehachapi,0678092,City,City of Tehachapi,2412041,THPI,KER,,,Tehachapi,,10.3025073504715,7ed78d15-1eb6-43b7-8fba-9ce0fc7a6e4a,26683371.3821144,53955.1423955223
978,52003,Tehama,Tehama County,Tehama,0678106,City,City of Tehama,2412042,TEHM,TEH,,,Tehama,,0.781791268061414,e84f4367-0cae-40ec-ac98-0d0eead0a44c,2024830.14004517,6599.04807398526
979,33013,Temecula,Riverside County,Temecula,0678120,City,City of Temecula,2412044,TMCA,RIV,,,Temecula,,37.1763964773675,649d0bec-e43d-4983-bba7-79903645cdde,96286424.723465,72189.0847711807
980,19268,Temple City,Los Angeles County,Temple City,0678148,City,City of Temple City,2412047,TMPC,LAC,,,Temple City,,4.02571607374845,ad085cce-21fd-4d44-9a58-b3f73f927f54,10426556.8115005,18440.5925240845
981,56008,Thousand Oaks,Ventura County,Thousand Oaks,0678582,City,City of Thousand Oaks,2412065,THOK,VEN,,,Thousand Oaks,,55.4517955209488,c92dc09c-abf4-4277-92a5-325d6fb7fccd,143619491.033138,102237.793854886
982,21011,Tiburon,Marin County,Tiburon,0678666,Town,Town of Tiburon,2413389,TBRN,MRN,,,Tiburon,,4.48072484834914,d627a6f3-5973-4d0d-8d1c-dfea6d99af7d,11605024.1084876,38284.6991422123
983,19270,Torrance,Los Angeles County,Torrance,0680000,City,City of Torrance,2412087,TORR,LAC,,,Torrance,,20.5621585015127,01e7d236-f3d9-4fc5-87ec-ac37f18218fb,53255746.0456085,42718.4225018824
984,39004,Tracy,San Joaquin County,Tracy,0680238,City,City of Tracy,2412090,TRAC,SJQ,,,Tracy,,26.6353303343278,24151fde-3293-488b-8429-2396225994d2,68985189.0059452,100980.151816104
985,12006,Trinidad,Humboldt County,Trinidad,0680448,City,City of Trinidad,2412093,TRND,HUM,,,Trinidad,,0.45519890093322,f85d8678-29f6-4d6c-8ea7-8170a0c02d22,1178959.84511566,9725.18454733231
986,29003,Truckee,Nevada County,Truckee,0680588,Town,Town of Truckee,2413403,TRKE,NEV,,,Truckee,,33.6895260357647,affce6e9-5ce0-4493-8341-59c9674d3e33,87255472.307192,65093.5785235849
987,54005,Tulare,Tulare County,Tulare,0680644,City,City of Tulare,2412107,TULR,TUL,,,Tulare,,22.3539282955911,5527ed58-6a50-46f4-a21f-3e6424665761,57896408.3071585,71250.310844192
988,47008,Tulelake,Siskiyou County,Tulelake,0680686,City,City of Tulelake,2412108,TLLK,SIS,,,Tulelake,,0.407590391077732,3dff857d-330e-4b17-8f51-6de201851d43,1055654.30460358,4999.53481261052
989,50007,Turlock,Stanislaus County,Turlock,0680812,City,City of Turlock,2412114,TURL,STA,,,Turlock,,16.8564168858061,c02e2ec6-4818-432f-90c2-2515b060bcb3,43657919.2958724,50506.523247523
990,30013,Tustin,Orange County,Tustin,0680854,City,City of Tustin,2412117,TUSN,ORA,,,Tustin,,11.1374344286337,45fca9d5-de50-499d-8729-4f427aef456c,28845822.7219162,47471.3709480022
991,36019,Twentynine Palms,San Bernardino County,Twentynine Palms,0680994,City,City of Twentynine Palms,2412119,TWNP,SBD,,,Twentynine Palms,,58.8006450339804,1caa19ec-1870-49cc-b232-8d21ad29c5c1,152292971.674225,88223.7169726516
992,23003,Ukiah,Mendocino County,Ukiah,0681134,City,City of Ukiah,2412125,UKIH,MEN,,,Ukiah,,6.75208730435931,a053d0ae-d271-48a4-9b67-e4c2710f00f3,17487825.7794571,43433.0951609393
993,01015,Union City,Alameda County,Union City,0681204,City,City of Union City,2412130,UNNC,ALA,,,Union City,,19.3864188814769,754c4d37-a43e-4185-9cb5-caaab2f87f98,50210594.4189415,56609.5723249655
994,36008,Upland,San Bernardino County,Upland,0681344,City,City of Upland,2412137,UPLD,SBD,,,Upland,,15.6715609605062,ef9f1b99-9960-4963-af3d-61eaadeca84c,40589156.5102539,29193.6314742057
995,48006,Vacaville,Solano County,Vacaville,0681554,City,City of Vacaville,2412139,VACV,SOL,,,Vacaville,,29.8808504456128,80f02c67-f303-411b-a6b1-a20aa172b169,77391047.1417751,78045.9545936523
996,48007,Vallejo,Solano County,Vallejo,0681666,City,City of Vallejo,2412142,VALJ,SOL,,,Vallejo,,32.7979287223469,e280e6d0-0aaf-4290-92e9-6d6a1f566005,84946245.3856993,89122.9514262414
997,56005,Ventura,Ventura County,Ventura,0665042,City,City of San Buenaventura,2411779,VENR,VEN,,,San Buenaventura,,22.1878616657546,1ca3ff81-1b45-41bb-9a65-6988659dbbed,57466298.0737896,105445.360654054
998,19272,Vernon,Los Angeles County,Vernon,0682422,City,City of Vernon,2412150,VERN,LAC,,,Vernon,,5.15133396476817,613d4905-0cb0-4286-9799-daed752ea4ed,13341893.7495041,25879.8224730988
999,36012,Victorville,San Bernardino County,Victorville,0682590,City,City of Victorville,2412156,VCTV,SBD,,,Victorville,,74.0341642667205,b9aa52c9-1910-45b7-a093-96bb2ffe0c27,191747605.234421,117699.682576559
1000,30024,Villa Park,Orange County,Villa Park,0682744,City,City of Villa Park,2412158,VLPK,ORA,,,Villa Park,,2.07839691293329,62dad787-e74f-4286-9603-1d8c69758c6a,5383023.25345612,14577.8774412757
1001,54006,Visalia,Tulare County,Visalia,0682954,City,City of Visalia,2412160,VISL,TUL,,,Visalia,,40.2035750081336,57879818-0aa9-4086-8891-b5d7511e83b0,104126781.192653,106817.423055084
1002,37012,Vista,San Diego County,Vista,0682996,City,City of Vista,2412161,VSTA,SDO,,,Vista,,19.0102781676841,215db221-9e0b-4b3f-9a05-c27325b74914,49236394.4202271,78265.3059230854
1003,19273,Walnut,Los Angeles County,Walnut,0683332,City,City of Walnut,2412173,WALN,LAC,,,Walnut,,8.97993870071932,184cc008-746c-43dd-8e6a-edb1c811e7ce,23257934.4287567,27936.3425308881
1004,07009,Walnut Creek,Contra Costa County,Walnut Creek,0683346,City,City of Walnut Creek,2412174,WALC,CCA,,,Walnut Creek,,19.7834374092157,f4feef25-07ea-475a-b264-dfe84b81e954,51238867.6868708,91842.4807480639
1005,15007,Wasco,Kern County,Wasco,0683542,City,City of Wasco,2412185,WASC,KER,,,Wasco,,9.60758557337455,d023a8fc-7f55-492d-bfae-04a650b3aec1,24883532.4546785,41572.2294458157
1006,50008,Waterford,Stanislaus County,Waterford,0683612,City,City of Waterford,2412192,WTRF,STA,,,Waterford,,2.45610783831047,eb3930e8-a108-43bb-a01e-fd7ee094a810,6361290.05965304,14750.7010152322
1007,44002,Watsonville,Santa Cruz County,Watsonville,0683668,City,City of Watsonville,2412194,WATV,SCR,,,Watsonville,,6.84773592966465,a47b4dd2-4b44-4a6b-9c0b-e258b049f5b6,17735554.6639576,40912.4118555164
1008,47009,Weed,Siskiyou County,Weed,0683850,City,City of Weed,2412201,WEED,SIS,,,Weed,,4.81541763938379,3951001f-6d84-4891-922f-33853c905f0e,12471874.4670944,27127.8265567572
1009,19274,West Covina,Los Angeles County,West Covina,0684200,City,City of West Covina,2412219,WCOV,LAC,,,West Covina,,16.0682013052619,39ac8beb-3c42-4ada-8d2c-adb82c2dde81,41616450.2764359,62340.619834037
1010,19277,West Hollywood,Los Angeles County,West Hollywood,0684410,City,City of West Hollywood,2412221,WHWD,LAC,,,West Hollywood,,1.89507024970148,2bb23d06-9bd9-4c68-ab4f-067384a5aa7b,4908209.42572021,17381.3236752289
1011,57004,West Sacramento,Yolo County,West Sacramento,0684816,City,City of West Sacramento,2412228,WSAC,YOL,,,West Sacramento,,23.0067664730335,7dd7284f-a9e8-4f11-88d4-5d15a24d5660,59587251.6147609,36318.6487089961
1012,19275,Westlake Village,Los Angeles County,Westlake Village,0684438,City,City of Westlake Village,2412235,WLKV,LAC,,,Westlake Village,,5.5023428902206,2383ece7-c60a-4972-97b5-358be610db42,14251002.6266212,19647.0684534464
1013,30020,Westminster,Orange County,Westminster,0684550,City,City of Westminster,2412236,WTMR,ORA,,,Westminster,,10.0711541840738,ad17d7c7-668a-4c4a-bf98-2c88c319aa07,26084169.5604935,45416.812245967
1014,13007,Westmorland,Imperial County,Westmorland,0684606,City,City of Westmorland,2412239,WMLD,IMP,,,Westmorland,,0.610966110786078,10e2906e-0bbd-4799-88ba-4d2153424546,1582394.99099731,9329.96150576311
1015,58002,Wheatland,Yuba County,Wheatland,0685012,City,City of Wheatland,2412249,WHTL,YUB,,,Wheatland,,8.35500221760053,41617436-d003-4a90-977d-20405f0e1151,21639356.3049059,38130.279404812
1016,19276,Whittier,Los Angeles County,Whittier,0685292,City,City of Whittier,2412260,WITR,LAC,,,Whittier,,14.7979510233529,ca6f7b71-7b72-4034-b64f-9dc24169643a,38326517.2209625,46283.0389583551
1017,33025,Wildomar,Riverside County,Wildomar,0685446,City,City of Wildomar,2497148,WDMR,RIV,,,Wildomar,,23.7435057566991,ce14a706-62a2-4487-9573-47da4ede4653,61495397.5775604,35744.8172791873
1018,06002,Williams,Colusa County,Williams,0685586,City,City of Williams,2412268,WIMS,COL,,,Williams,,5.05929151098038,817f678c-1ec1-49d5-ab3b-42fdf600c990,13103504.8528042,24288.3918659457
1019,23004,Willits,Mendocino County,Willits,0685600,City,City of Willits,2412270,WLTS,MEN,,,Willits,,2.80978620344837,cb1d432e-f608-4313-8188-ab3e1480bd70,7277312.83803558,22924.6373890051
1020,11002,Willows,Glenn County,Willows,0685684,City,City of Willows,2412272,WLOS,GLE,,,Willows,,2.81350547042575,a42c3b71-f151-458d-980b-7f8fb6fe9adb,7286945.71848869,17442.4761989963
1021,49009,Windsor,Sonoma County,Windsor,0685922,Town,Town of Windsor,2413495,WNSR,SON,,,Windsor,,7.5076957673168,318aec92-6faf-4014-a064-c407d47b8de1,19444842.838397,46735.9740382808
1022,57002,Winters,Yolo County,Winters,0686034,City,City of Winters,2412288,WINR,YOL,,,Winters,,2.55005068741171,2cf7c1c5-fec8-4be7-8233-80df51f8ca23,6604600.96586037,19142.9177035242
1023,54007,Woodlake,Tulare County,Woodlake,0686300,City,City of Woodlake,2412299,WDLK,TUL,,,Woodlake,,3.2642954757723,37d6ed1d-8710-4ae4-b5f7-df320e1fe8de,8454486.57138443,23435.6900415098
1024,57003,Woodland,Yolo County,Woodland,0686328,City,City of Woodland,2412300,WDLD,YOL,,,Woodland,,16.7750679117358,9a030ece-5cb6-4335-8d5b-fffa3c86593a,43447226.566062,53612.0731196702
1025,41015,Woodside,San Mateo County,Woodside,0686440,Town,Town of Woodside,2413509,WDSD,SMO,,,Woodside,,11.4590082121002,a932cb2c-1bdb-43d3-90d1-03b4e0f227af,29678695.0941553,46965.1435737485
1026,30025,Yorba Linda,Orange County,Yorba Linda,0686832,City,City of Yorba Linda,2412321,YBLN,ORA,,,Yorba Linda,,19.9900867741018,6e2f19ca-45be-462e-a605-34e58d24aca9,51774086.8972244,61092.505193477
1027,28004,Yountville,Napa County,Yountville,0686930,City,City of Yountville,2412323,YNTV,NAP,,,Yountville,,1.48826864715,c0bd87a7-258c-4e40-8869-f114842adf0c,3854598.11770058,14223.1038715635
1028,47007,Yreka,Siskiyou County,Yreka,0686944,City,City of Yreka,2412324,YREK,SIS,,,Yreka,,10.0620208218189,e3766ccf-f6df-4aec-b37f-d9785328a6e3,26060514.3063431,48253.2752341399
1029,51001,Yuba City,Sutter County,Yuba City,0686972,City,City of Yuba City,2412325,YUBC,SUT,,,Yuba City,,16.6702811648147,4d18b1e8-bea5-4d5e-ba46-d54d365b5a5f,43175829.7987204,62834.4985621674
1030,36022,Yucaipa,San Bernardino County,Yucaipa,0687042,City,City of Yucaipa,2412326,YCPA,SBD,,,Yucaipa,,28.2708455364379,5ff2cbd9-aa4f-4308-89f9-5cb87dcb350d,73221153.6861572,55223.4564926255
1031,36023,Yucca Valley,San Bernardino County,Yucca Valley,0687056,Town,Town of Yucca Valley,2413524,YUCV,SBD,,,Yucca Valley,,39.8226714323829,028efd98-cebe-4012-9d52-74d35603a3cb,103140245.470123,52678.7747382169
1032,01021,Alameda,Alameda County,Alameda,0600562,City,City of Alameda,2409669,ALAM,ALA,,,Alameda,bay,11.0566197395615,b9b309b0-0624-4eb8-be52-b4ac25978154,28636513.5655103,39372.7633129004
1033,01022,Albany,Alameda County,Albany,0600674,City,City of Albany,2409674,ALBY,ALA,,,Albany,bay,3.29971443118668,9bb642d9-c1c3-45b2-88ca-188fd6a688b9,8546221.15905952,18475.9148648574
1034,07001,Antioch,Contra Costa County,Antioch,0602252,City,City of Antioch,2409715,ANTH,CCA,,,Antioch,bay,0.219938060066173,e6548368-5ed5-46c5-a0a8-606e2b896bde,569636.957011878,3302.516292037
1035,21001,Belvedere,Marin County,Belvedere,0605164,City,City of Belvedere,2409829,BLVR,MRN,,,Belvedere,bay,1.69770340134462,4086a78a-eef2-409a-a6b8-1a81e5a8308c,4397031.68135309,14297.4127819008
1036,48001,Benicia,Solano County,Benicia,0605290,City,City of Benicia,2409833,BENC,SOL,,,Benicia,bay,1.02554854492911,76ad14a1-71d6-41e6-b4b9-e41c61e8debc,2656158.53988051,26928.1367011445
1037,01013,Berkeley,Alameda County,Berkeley,0606000,City,City of Berkeley,2409837,BERK,ALA,,,Berkeley,bay,7.37874339894934,c64ca7cf-18ea-468d-8f09-da4e7c6b21c5,19110857.7663851,24128.2963900404
1038,41018,Brisbane,San Mateo County,Brisbane,0608310,City,City of Brisbane,2409912,BSBN,SMO,,,Brisbane,bay,17.123903686006,575f4c8e-2514-4228-b2a4-5fd0b788dd60,44350706.8786101,32524.2105900614
1039,41004,Burlingame,San Mateo County,Burlingame,0609066,City,City of Burlingame,2409945,BURL,SMO,,,Burlingame,bay,1.3315604030814,b11cef66-a585-41e0-bf06-614f9f33a49e,3448725.61550903,11703.7748559324
1040,44003,Capitola,Santa Cruz County,Capitola,0611040,City,City of Capitola,2409981,CPTL,SCR,,,Capitola,ocean,0.0738223815572938,05b30a4e-eb5c-4250-ac4e-ef8f9d064b92,191199.082078934,2789.90113658507
1041,42005,Carpinteria,Santa Barbara County,Carpinteria,0611446,City,City of Carpinteria,2409990,CARP,SBC,,,Carpinteria,ocean,6.68811442733935,145908ea-c8f4-499f-a7da-6af82a1999fd,17322136.9118032,16888.1581072091
1042,37002,Coronado,San Diego County,Coronado,0616378,City,City of Coronado,2410233,CORD,SDO,,,Coronado,ocean,0.192209255349322,63d5a32a-2a90-43a1-9e64-d84e1a518dbb,497819.756134033,10988.1454316643
1043,21002,Corte Madera,Marin County,Corte Madera,0616462,Town,Town of Corte Madera,2413247,CMAD,MRN,,,Corte Madera,bay,1.32917094261007,bdb1ce25-acbe-4d74-83e4-5d80836e5e2d,3442536.88827765,9899.91549008536
1044,08001,Crescent City,Del Norte County,Crescent City,0617022,City,City of Crescent City,2410262,CRCT,DNE,,,Crescent City,ocean,0.422173964617927,24b59e31-c2e1-4e7d-90f7-f749ac2d4d71,1093425.54901123,8684.26484458472
1045,41005,Daly City,San Mateo County,Daly City,0617918,City,City of Daly City,2410291,DALC,SMO,,,Daly City,ocean,0.0276075623791372,54d8eb29-3430-45ef-adbf-ca322d5f011d,71503.2382392883,5422.53368337104
1046,41021,East Palo Alto,San Mateo County,East Palo Alto,0620956,City,City of East Palo Alto,2410389,EPAO,SMO,,,East Palo Alto,bay,0.0343241316122171,0e4d0480-6e87-4461-a5d1-a0dea1ab7d35,88899.1292448044,2251.23505458422
1047,01014,Emeryville,Alameda County,Emeryville,0622594,City,City of Emeryville,2410436,EMVL,ALA,,,Emeryville,bay,0.988669105382668,bab591a5-d696-4a3d-a277-02475506c282,2560641.1318481,13816.6216140193
1048,41020,Foster City,San Mateo County,Foster City,0625338,City,City of Foster City,2410534,FSTC,SMO,,,Foster City,bay,15.6193605025725,4ba03cce-762f-49a9-8f6b-1ce7b2bab411,40453958.0248828,38362.005164797
1049,01012,Fremont,Alameda County,Fremont,0626000,City,City of Fremont,2410545,FRMT,ALA,,,Fremont,bay,9.02061649111969,8bb7c14f-9d54-4c4b-b87d-18a9e4cc531d,23363289.3183784,37588.5639176422
1050,42008,Goleta,Santa Barbara County,Goleta,0630378,City,City of Goleta,2015546,GLTA,SBC,,,Goleta,ocean,0.026304853350639,c3e69d82-77b1-4d80-ae98-bc5145772639,68129.2281837463,2991.02823357907
1051,40005,Grover Beach,San Luis Obispo County,Grover Beach,0631393,City,City of Grover Beach,2410668,GVBH,SLO,,,Grover Beach,ocean,3.35193000499111,5c7afbab-4ec6-4a23-a99a-438ff010f0ef,8681458.7152462,18060.0597927249
1052,01025,Hayward,Alameda County,Hayward,0633000,City,City of Hayward,2410724,HAYW,ALA,,,Hayward,bay,18.1258351457273,29163c9b-0f71-479e-a1e7-6877c8109250,46945697.5787792,36512.7786138687
1053,07004,Hercules,Contra Costa County,Hercules,0633308,City,City of Hercules,2410746,HERC,CCA,,,Hercules,bay,12.7710135343271,84573260-58cd-4e26-86e1-93d2ba32d40b,33076773.3316518,24181.4746345789
1054,37014,Imperial Beach,San Diego County,Imperial Beach,0636294,City,City of Imperial Beach,2410098,IMPB,SDO,,,Imperial Beach,ocean,0.0456075222849195,5688b14b-1e36-4edd-97ec-7de08225265e,118122.967086792,8741.07791105637
1055,21004,Larkspur,Marin County,Larkspur,0640438,City,City of Larkspur,2411627,LKSP,MRN,,,Larkspur,bay,0.0351236955638746,c1d641a6-38c6-469e-bbcb-d291c3c73b1d,90969.9608792663,2109.05902069822
1056,19241,Long Beach,Los Angeles County,Long Beach,0643000,City,City of Long Beach,2410866,LBCH,LAC,,,Long Beach,ocean,0.101755377683384,ba74f5a4-968f-43de-8ccf-41871183d4df,263545.249961853,20591.5516734439
1057,19201,Los Angeles,Los Angeles County,Los Angeles,0644000,City,City of Los Angeles,2410877,LANG,LAC,,,Los Angeles,ocean,0.0114651546445512,582093dd-3aed-4561-91dc-83e81e50cb81,29694.6050300598,4127.50736175228
1058,27012,Marina,Monterey County,Marina,0645778,City,City of Marina,2411035,MRNA,MON,,,Marina,ocean,0.0690852547675598,1a539d6a-458c-4a15-a40f-939a93e8507c,178929.98764801,7724.24035008483
1059,07005,Martinez,Contra Costa County,Martinez,0646114,City,City of Martinez,2411045,MRTZ,CCA,,,Martinez,bay,1.21213336918739,c492df6c-a4b6-4e3d-889d-07a38b0f6a11,3139411.07256109,14682.0225837204
1060,41008,Menlo Park,San Mateo County,Menlo Park,0646870,City,City of Menlo Park,2411079,MELP,SMO,,,Menlo Park,bay,7.79785955905134,728e53ce-82c0-413d-b110-525ff38becbb,20196363.5000868,29040.0538509865
1061,21005,Mill Valley,Marin County,Mill Valley,0647710,City,City of Mill Valley,2411109,MLVL,MRN,,,Mill Valley,bay,0.068885665981269,82549d8c-6ce6-44d9-9c66-8a169d73234a,178413.063203335,3693.06173061071
1062,27003,Monterey,Monterey County,Monterey,0648872,City,City of Monterey,2411145,MONR,MON,,,Monterey,ocean,3.41656902569809,7e37b730-4dfb-4660-94d1-e0f0b671cf4e,8848872.99842453,18483.8512160917
1063,40006,Morro Bay,San Luis Obispo County,Morro Bay,0649362,City,City of Morro Bay,2411169,MOBY,SLO,,,Morro Bay,ocean,5.78672204427592,6884eb2f-8dad-44c4-9399-c268c7b9737e,14987541.4881763,24039.9228671273
1064,43005,Mountain View,Santa Clara County,Mountain View,0649670,City,City of Mountain View,2411186,MNVW,SCL,,,Mountain View,bay,0.087950458405626,7e521fa3-aecb-4e18-99a5-932e2ef031b0,227790.637244225,5294.67534074714
1065,21010,Novato,Marin County,Novato,0652582,City,City of Novato,2411283,NVTO,MRN,,,Novato,bay,0.223365811079966,58ac700e-9060-42a2-8de1-f7ccde512569,578514.818337917,5423.3012496439
1066,01017,Oakland,Alameda County,Oakland,0653000,City,City of Oakland,2411292,OAKD,ALA,,,Oakland,bay,20.9395494685749,50e82bd7-505c-4743-975d-2a33d9c82f06,54233184.3328857,71622.1294185129
1067,37007,Oceanside,San Diego County,Oceanside,0653322,City,City of Oceanside,2411301,OCNS,SDO,,,Oceanside,ocean,0.031973478785857,40a3c138-c71a-4a10-992f-5bf6683ff2ef,82810.9193496704,11403.450931886
1068,56003,Oxnard,Ventura County,Oxnard,0654652,City,City of Oxnard,2411347,OXND,VEN,,,Oxnard,ocean,28.370443874507,2a1a15d2-3984-4ef6-819a-5956adf5ca0b,73479112.2974014,51100.4874039313
1069,27004,Pacific Grove,Monterey County,Pacific Grove,0654848,City,City of Pacific Grove,2411350,PCGR,MON,,,Pacific Grove,ocean,1.18035714464286,7ff3b79b-487d-4ddb-a7a4-71bc9e896806,3057110.97900391,17366.754794007
1070,41016,Pacifica,San Mateo County,Pacifica,0654806,City,City of Pacifica,2411351,PCFA,SMO,,,Pacifica,ocean,0.137133775550868,9aad642b-cbcd-4b38-8ff1-3323bb4cf745,355174.810006618,9477.98525118007
1071,43006,Palo Alto,Santa Clara County,Palo Alto,0655282,City,City of Palo Alto,2411362,PAAT,SCL,,,Palo Alto,bay,1.73811800938815,140dd213-f7e9-48c2-a2de-060c8c601145,4501705.04444599,12534.4179132457
1072,07006,Pinole,Contra Costa County,Pinole,0657288,City,City of Pinole,2411428,PINL,CCA,,,Pinole,bay,6.49910866483604,ba98aa89-72f3-4ffa-9c96-f5a38e1b8341,16832614.1310761,20548.5363995105
1073,40004,Pismo Beach,San Luis Obispo County,Pismo Beach,0657414,City,City of Pismo Beach,2411429,PBCH,SLO,,,Pismo Beach,ocean,6.86298241864261,b59d9230-7ba2-425b-9d3c-cb59fd7da1b3,17775042.9618645,20629.5807168778
1074,07007,Pittsburg,Contra Costa County,Pittsburg,0657456,City,City of Pittsburg,2411430,PITB,CCA,,,Pittsburg,bay,1.94298400836108,cb4cde71-2d54-4e5f-998b-bace35b95f9c,5032305.50666761,30721.7654589592
1075,23002,Point Arena,Mendocino County,Point Arena,0657876,City,City of Point Arena,2411449,PTAN,MEN,,,Point Arena,ocean,0.00322384338733132,e8e57354-0db8-4822-bc44-86c7569d33ba,8349.7169303894,1267.50713891949
1076,56006,Port Hueneme,Ventura County,Port Hueneme,0658296,City,City of Port Hueneme,2411462,PHME,VEN,,,Port Hueneme,ocean,7.11086029596313,f0a3da52-b2bc-481f-bf0f-75a8d41ddb17,18417043.6116581,19419.7054289003
1077,41009,Redwood City,San Mateo County,Redwood City,0660102,City,City of Redwood City,2410919,RDWC,SMO,,,Redwood City,bay,13.3290159103169,85e383ea-8c3b-4e8d-b6fe-db4005c76afa,34521992.8098383,36415.4974440137
1078,07008,Richmond,Contra Costa County,Richmond,0660620,City,City of Richmond,2410939,RCHD,CCA,,,Richmond,bay,22.2048547300819,50f77104-fc50-4fad-94f7-1abd6395e1c4,57510309.4626428,98196.5117148673
1079,37008,San Diego,San Diego County,San Diego,0666000,City,City of San Diego,2411782,SDGO,SDO,,,San Diego,ocean,2.07995792303353,85078baa-d180-41b8-9508-7f34426ad568,5387066.27876282,11330.8770717848
1080,38001,San Francisco,San Francisco County,San Francisco,0667000,City,City of San Francisco,2411786,SFSC,SFC,,,San Francisco,bay,54.0050658028402,5bbe7ea6-04c8-474a-ba3c-d0fcf219f166,139872478.290128,121704.446615266
1081,38001,San Francisco,San Francisco County,San Francisco,0667000,City,City of San Francisco,2411786,SFSC,SFC,,,San Francisco,ocean,130.723377127271,dd82aed9-ee6d-446f-8998-ee6d9dfe9a90,338571992.463549,125780.644174398
1082,43017,San Jose,Santa Clara County,San Jose,0668000,City,City of San Jose,2411790,SJOS,SCL,,,San Jose,bay,0.469949850278569,9a6fd8f6-de98-4e54-a4b3-400182a9d987,1217164.52064705,5533.01390490024
1083,01010,San Leandro,Alameda County,San Leandro,0668084,City,City of San Leandro,2411794,SLND,ALA,,,San Leandro,bay,1.99849225107229,a6c87c37-d4a5-4fb7-8a33-0cfd37bd876a,5176071.17968893,16190.9640590924
1084,41012,San Mateo,San Mateo County,San Mateo,0668252,City,City of San Mateo,2411800,SMAO,SMO,,,San Mateo,bay,3.08037569108933,c7b12cc7-1519-4b1c-bc8d-a4e6450f648d,7978136.41123009,16683.8750869153
1085,21008,San Rafael,Marin County,San Rafael,0668364,City,City of San Rafael,2411804,SRFL,MRN,,,San Rafael,bay,5.68741981567482,37f31887-740a-44cc-8da1-ffe376f77cf2,14730349.7677373,21454.607398289
1086,27011,Sand City,Monterey County,Sand City,0665112,City,City of Sand City,2411806,SNDC,MON,,,Sand City,ocean,2.5979207522405,5e3b51ec-d3e6-4c93-9b2a-4cdd9a24d84a,6728583.75758362,10465.9120974642
1087,42002,Santa Barbara,Santa Barbara County,Santa Barbara,0669070,City,City of Santa Barbara,2411815,SABA,SBC,,,Santa Barbara,ocean,20.6819457031964,c394e82b-a0ef-4772-b8e4-369f81367628,53565994.1353502,53130.4909645653
1088,44001,Santa Cruz,Santa Cruz County,Santa Cruz,0669112,City,City of Santa Cruz,2411820,SACZ,SCR,,,Santa Cruz,ocean,31.3354190929436,55d72c9d-0586-47e5-a65c-8c60b491ca08,81158363.1350288,65737.3212480436
1089,21009,Sausalito,Marin County,Sausalito,0670364,City,City of Sausalito,2411834,SAUS,MRN,,,Sausalito,bay,0.445486956068783,cee4d169-e4e5-4899-9672-697aa17e9a03,1153805.89928126,11555.987057265
1090,30012,Seal Beach,Orange County,Seal Beach,0670686,City,City of Seal Beach,2411851,SLBH,ORA,,,Seal Beach,ocean,0.120135293250141,30457c9d-7221-4037-86ce-b5b46b03bd2d,311148.998039246,4108.62684460958
1091,27010,Seaside,Monterey County,Seaside,0670742,City,City of Seaside,2411853,SEAE,MON,,,Seaside,ocean,0.101071757537215,dce0dabb-8962-4de5-ab9b-12c0e1d5b246,261774.646774292,3786.03761992829
1092,41013,South San Francisco,San Mateo County,South San Francisco,0673262,City,City of South San Francisco,2411942,SHSF,SMO,,,South San Francisco,bay,20.2622536989353,567ca160-071d-4ab2-aa8d-31537e779db7,52478996.4024339,42111.1750289576
1093,43009,Sunnyvale,Santa Clara County,Sunnyvale,0677000,City,City of Sunnyvale,2412009,SUNV,SCL,,,Sunnyvale,bay,0.693454375173287,eee7d55a-7145-40b5-9ff3-25689a835d3f,1796038.58239651,6392.79584867483
1094,21011,Tiburon,Marin County,Tiburon,0678666,Town,Town of Tiburon,2413389,TBRN,MRN,,,Tiburon,bay,10.8119512537279,2ec3b62e-141a-4ae8-b3eb-964212cd1410,28002825.2152807,50780.9376680914
1095,12006,Trinidad,Humboldt County,Trinidad,0680448,City,City of Trinidad,2412093,TRND,HUM,,,Trinidad,ocean,0.187152077204614,366c7a43-0228-44d0-ab82-122cfe1af0ba,484721.6276474,4289.3829712121
1096,48007,Vallejo,Solano County,Vallejo,0681666,City,City of Vallejo,2412142,VALJ,SOL,,,Vallejo,bay,17.0520245574118,ac73d089-0e47-49a7-b2c9-d6712f17e25f,44164540.7710063,37694.562892045
1097,56005,Ventura,Ventura County,Ventura,0665042,City,City of San Buenaventura,2411779,VENR,VEN,,,San Buenaventura,ocean,9.90784691249828,9491bada-ed0b-4245-9fa3-88a790b6d89b,25661205.6832924,22637.4118910584
